Term	inDocumentsCount	RawFrequency	RelativeFrequency	RelativePeakedness	RelativeSkewness	Distributions
rose	1	18	0.0038902096	NaN	NaN	0.0038902096
eyes	1	14	0.0030257185	NaN	NaN	0.0030257185
life	1	11	0.0023773503	NaN	NaN	0.0023773503
like	1	11	0.0023773503	NaN	NaN	0.0023773503
light	1	8	0.0017289821	NaN	NaN	0.0017289821
sun	1	8	0.0017289821	NaN	NaN	0.0017289821
flesh	1	7	0.0015128592	NaN	NaN	0.0015128592
glass	1	7	0.0015128592	NaN	NaN	0.0015128592
english	1	6	0.0012967365	NaN	NaN	0.0012967365
exodus	1	6	0.0012967365	NaN	NaN	0.0012967365
green	1	6	0.0012967365	NaN	NaN	0.0012967365
little	1	6	0.0012967365	NaN	NaN	0.0012967365
man	1	6	0.0012967365	NaN	NaN	0.0012967365
nature	1	6	0.0012967365	NaN	NaN	0.0012967365
night	1	6	0.0012967365	NaN	NaN	0.0012967365
pink	1	6	0.0012967365	NaN	NaN	0.0012967365
sky	1	6	0.0012967365	NaN	NaN	0.0012967365
woman	1	6	0.0012967365	NaN	NaN	0.0012967365
dust	1	5	0.0010806138	NaN	NaN	0.0010806138
flight	1	5	0.0010806138	NaN	NaN	0.0010806138
god	1	5	0.0010806138	NaN	NaN	0.0010806138
human	1	5	0.0010806138	NaN	NaN	0.0010806138
know	1	5	0.0010806138	NaN	NaN	0.0010806138
love	1	5	0.0010806138	NaN	NaN	0.0010806138
mouth	1	5	0.0010806138	NaN	NaN	0.0010806138
soul	1	5	0.0010806138	NaN	NaN	0.0010806138
street	1	5	0.0010806138	NaN	NaN	0.0010806138
virgin	1	5	0.0010806138	NaN	NaN	0.0010806138
white	1	5	0.0010806138	NaN	NaN	0.0010806138
wild	1	5	0.0010806138	NaN	NaN	0.0010806138
angel	1	4	8.6449104E-4	NaN	NaN	8.6449104E-4
black	1	4	8.6449104E-4	NaN	NaN	8.6449104E-4
body	1	4	8.6449104E-4	NaN	NaN	8.6449104E-4
broken	1	4	8.6449104E-4	NaN	NaN	8.6449104E-4
cesira	1	4	8.6449104E-4	NaN	NaN	8.6449104E-4
come	1	4	8.6449104E-4	NaN	NaN	8.6449104E-4
crab	1	4	8.6449104E-4	NaN	NaN	8.6449104E-4
death	1	4	8.6449104E-4	NaN	NaN	8.6449104E-4
form	1	4	8.6449104E-4	NaN	NaN	8.6449104E-4
hair	1	4	8.6449104E-4	NaN	NaN	8.6449104E-4
half	1	4	8.6449104E-4	NaN	NaN	8.6449104E-4
having	1	4	8.6449104E-4	NaN	NaN	8.6449104E-4
left	1	4	8.6449104E-4	NaN	NaN	8.6449104E-4
legs	1	4	8.6449104E-4	NaN	NaN	8.6449104E-4
make	1	4	8.6449104E-4	NaN	NaN	8.6449104E-4
men	1	4	8.6449104E-4	NaN	NaN	8.6449104E-4
moment	1	4	8.6449104E-4	NaN	NaN	8.6449104E-4
moon	1	4	8.6449104E-4	NaN	NaN	8.6449104E-4
pain	1	4	8.6449104E-4	NaN	NaN	8.6449104E-4
rain	1	4	8.6449104E-4	NaN	NaN	8.6449104E-4
rises	1	4	8.6449104E-4	NaN	NaN	8.6449104E-4
sing	1	4	8.6449104E-4	NaN	NaN	8.6449104E-4
stars	1	4	8.6449104E-4	NaN	NaN	8.6449104E-4
time	1	4	8.6449104E-4	NaN	NaN	8.6449104E-4
world	1	4	8.6449104E-4	NaN	NaN	8.6449104E-4
arms	1	3	6.4836827E-4	NaN	NaN	6.4836827E-4
away	1	3	6.4836827E-4	NaN	NaN	6.4836827E-4
beast	1	3	6.4836827E-4	NaN	NaN	6.4836827E-4
becomes	1	3	6.4836827E-4	NaN	NaN	6.4836827E-4
beyond	1	3	6.4836827E-4	NaN	NaN	6.4836827E-4
bird	1	3	6.4836827E-4	NaN	NaN	6.4836827E-4
blind	1	3	6.4836827E-4	NaN	NaN	6.4836827E-4
blows	1	3	6.4836827E-4	NaN	NaN	6.4836827E-4
blue	1	3	6.4836827E-4	NaN	NaN	6.4836827E-4
bodies	1	3	6.4836827E-4	NaN	NaN	6.4836827E-4
business	1	3	6.4836827E-4	NaN	NaN	6.4836827E-4
cat	1	3	6.4836827E-4	NaN	NaN	6.4836827E-4
chastity	1	3	6.4836827E-4	NaN	NaN	6.4836827E-4
circus	1	3	6.4836827E-4	NaN	NaN	6.4836827E-4
conception	1	3	6.4836827E-4	NaN	NaN	6.4836827E-4
daily	1	3	6.4836827E-4	NaN	NaN	6.4836827E-4
daughter	1	3	6.4836827E-4	NaN	NaN	6.4836827E-4
day	1	3	6.4836827E-4	NaN	NaN	6.4836827E-4
destiny	1	3	6.4836827E-4	NaN	NaN	6.4836827E-4
door	1	3	6.4836827E-4	NaN	NaN	6.4836827E-4
du	1	3	6.4836827E-4	NaN	NaN	6.4836827E-4
earth	1	3	6.4836827E-4	NaN	NaN	6.4836827E-4
essence	1	3	6.4836827E-4	NaN	NaN	6.4836827E-4
given	1	3	6.4836827E-4	NaN	NaN	6.4836827E-4
heart	1	3	6.4836827E-4	NaN	NaN	6.4836827E-4
hour	1	3	6.4836827E-4	NaN	NaN	6.4836827E-4
houses	1	3	6.4836827E-4	NaN	NaN	6.4836827E-4
italian	1	3	6.4836827E-4	NaN	NaN	6.4836827E-4
lady	1	3	6.4836827E-4	NaN	NaN	6.4836827E-4
leaning	1	3	6.4836827E-4	NaN	NaN	6.4836827E-4
let	1	3	6.4836827E-4	NaN	NaN	6.4836827E-4
morning	1	3	6.4836827E-4	NaN	NaN	6.4836827E-4
mumbling	1	3	6.4836827E-4	NaN	NaN	6.4836827E-4
outside	1	3	6.4836827E-4	NaN	NaN	6.4836827E-4
passing	1	3	6.4836827E-4	NaN	NaN	6.4836827E-4
passionate	1	3	6.4836827E-4	NaN	NaN	6.4836827E-4
people	1	3	6.4836827E-4	NaN	NaN	6.4836827E-4
round	1	3	6.4836827E-4	NaN	NaN	6.4836827E-4
self	1	3	6.4836827E-4	NaN	NaN	6.4836827E-4
shall	1	3	6.4836827E-4	NaN	NaN	6.4836827E-4
silence	1	3	6.4836827E-4	NaN	NaN	6.4836827E-4
spirit	1	3	6.4836827E-4	NaN	NaN	6.4836827E-4
sub	1	3	6.4836827E-4	NaN	NaN	6.4836827E-4
subconscious	1	3	6.4836827E-4	NaN	NaN	6.4836827E-4
subliminal	1	3	6.4836827E-4	NaN	NaN	6.4836827E-4
superior	1	3	6.4836827E-4	NaN	NaN	6.4836827E-4
things	1	3	6.4836827E-4	NaN	NaN	6.4836827E-4
till	1	3	6.4836827E-4	NaN	NaN	6.4836827E-4
universe	1	3	6.4836827E-4	NaN	NaN	6.4836827E-4
way	1	3	6.4836827E-4	NaN	NaN	6.4836827E-4
window	1	3	6.4836827E-4	NaN	NaN	6.4836827E-4
wings	1	3	6.4836827E-4	NaN	NaN	6.4836827E-4
yellow	1	3	6.4836827E-4	NaN	NaN	6.4836827E-4
young	1	3	6.4836827E-4	NaN	NaN	6.4836827E-4
absolute	1	2	4.3224552E-4	NaN	NaN	4.3224552E-4
adequate	1	2	4.3224552E-4	NaN	NaN	4.3224552E-4
agony	1	2	4.3224552E-4	NaN	NaN	4.3224552E-4
airy	1	2	4.3224552E-4	NaN	NaN	4.3224552E-4
angels	1	2	4.3224552E-4	NaN	NaN	4.3224552E-4
anglo	1	2	4.3224552E-4	NaN	NaN	4.3224552E-4
animal	1	2	4.3224552E-4	NaN	NaN	4.3224552E-4
ant	1	2	4.3224552E-4	NaN	NaN	4.3224552E-4
anticipation	1	2	4.3224552E-4	NaN	NaN	4.3224552E-4
apology	1	2	4.3224552E-4	NaN	NaN	4.3224552E-4
battle	1	2	4.3224552E-4	NaN	NaN	4.3224552E-4
become	1	2	4.3224552E-4	NaN	NaN	4.3224552E-4
bed	1	2	4.3224552E-4	NaN	NaN	4.3224552E-4
beds	1	2	4.3224552E-4	NaN	NaN	4.3224552E-4
behind	1	2	4.3224552E-4	NaN	NaN	4.3224552E-4
birth	1	2	4.3224552E-4	NaN	NaN	4.3224552E-4
born	1	2	4.3224552E-4	NaN	NaN	4.3224552E-4
breast	1	2	4.3224552E-4	NaN	NaN	4.3224552E-4
breath	1	2	4.3224552E-4	NaN	NaN	4.3224552E-4
breed	1	2	4.3224552E-4	NaN	NaN	4.3224552E-4
british	1	2	4.3224552E-4	NaN	NaN	4.3224552E-4
caf	1	2	4.3224552E-4	NaN	NaN	4.3224552E-4
carpet	1	2	4.3224552E-4	NaN	NaN	4.3224552E-4
ceiling	1	2	4.3224552E-4	NaN	NaN	4.3224552E-4
chaos	1	2	4.3224552E-4	NaN	NaN	4.3224552E-4
church	1	2	4.3224552E-4	NaN	NaN	4.3224552E-4
clean	1	2	4.3224552E-4	NaN	NaN	4.3224552E-4
cock	1	2	4.3224552E-4	NaN	NaN	4.3224552E-4
comes	1	2	4.3224552E-4	NaN	NaN	4.3224552E-4
consciousness	1	2	4.3224552E-4	NaN	NaN	4.3224552E-4
control	1	2	4.3224552E-4	NaN	NaN	4.3224552E-4
core	1	2	4.3224552E-4	NaN	NaN	4.3224552E-4
cosmic	1	2	4.3224552E-4	NaN	NaN	4.3224552E-4
costa	1	2	4.3224552E-4	NaN	NaN	4.3224552E-4
count	1	2	4.3224552E-4	NaN	NaN	4.3224552E-4
covered	1	2	4.3224552E-4	NaN	NaN	4.3224552E-4
crown	1	2	4.3224552E-4	NaN	NaN	4.3224552E-4
cupid	1	2	4.3224552E-4	NaN	NaN	4.3224552E-4
curls	1	2	4.3224552E-4	NaN	NaN	4.3224552E-4
curve	1	2	4.3224552E-4	NaN	NaN	4.3224552E-4
dark	1	2	4.3224552E-4	NaN	NaN	4.3224552E-4
days	1	2	4.3224552E-4	NaN	NaN	4.3224552E-4
dead	1	2	4.3224552E-4	NaN	NaN	4.3224552E-4
direction	1	2	4.3224552E-4	NaN	NaN	4.3224552E-4
dolls	1	2	4.3224552E-4	NaN	NaN	4.3224552E-4
dreams	1	2	4.3224552E-4	NaN	NaN	4.3224552E-4
dresses	1	2	4.3224552E-4	NaN	NaN	4.3224552E-4
dwarf	1	2	4.3224552E-4	NaN	NaN	4.3224552E-4
ecstasy	1	2	4.3224552E-4	NaN	NaN	4.3224552E-4
ego	1	2	4.3224552E-4	NaN	NaN	4.3224552E-4
emotions	1	2	4.3224552E-4	NaN	NaN	4.3224552E-4
empire	1	2	4.3224552E-4	NaN	NaN	4.3224552E-4
empyrean	1	2	4.3224552E-4	NaN	NaN	4.3224552E-4
end	1	2	4.3224552E-4	NaN	NaN	4.3224552E-4
exotic	1	2	4.3224552E-4	NaN	NaN	4.3224552E-4
experience	1	2	4.3224552E-4	NaN	NaN	4.3224552E-4
eye	1	2	4.3224552E-4	NaN	NaN	4.3224552E-4
face	1	2	4.3224552E-4	NaN	NaN	4.3224552E-4
fall	1	2	4.3224552E-4	NaN	NaN	4.3224552E-4
false	1	2	4.3224552E-4	NaN	NaN	4.3224552E-4
father	1	2	4.3224552E-4	NaN	NaN	4.3224552E-4
feet	1	2	4.3224552E-4	NaN	NaN	4.3224552E-4
female	1	2	4.3224552E-4	NaN	NaN	4.3224552E-4
flicker	1	2	4.3224552E-4	NaN	NaN	4.3224552E-4
force	1	2	4.3224552E-4	NaN	NaN	4.3224552E-4
friend	1	2	4.3224552E-4	NaN	NaN	4.3224552E-4
genius	1	2	4.3224552E-4	NaN	NaN	4.3224552E-4
girl	1	2	4.3224552E-4	NaN	NaN	4.3224552E-4
girls	1	2	4.3224552E-4	NaN	NaN	4.3224552E-4
giving	1	2	4.3224552E-4	NaN	NaN	4.3224552E-4
gods	1	2	4.3224552E-4	NaN	NaN	4.3224552E-4
greyness	1	2	4.3224552E-4	NaN	NaN	4.3224552E-4
halo	1	2	4.3224552E-4	NaN	NaN	4.3224552E-4
hands	1	2	4.3224552E-4	NaN	NaN	4.3224552E-4
hang	1	2	4.3224552E-4	NaN	NaN	4.3224552E-4
head	1	2	4.3224552E-4	NaN	NaN	4.3224552E-4
heads	1	2	4.3224552E-4	NaN	NaN	4.3224552E-4
hear	1	2	4.3224552E-4	NaN	NaN	4.3224552E-4
heavy	1	2	4.3224552E-4	NaN	NaN	4.3224552E-4
hedges	1	2	4.3224552E-4	NaN	NaN	4.3224552E-4
holding	1	2	4.3224552E-4	NaN	NaN	4.3224552E-4
horse	1	2	4.3224552E-4	NaN	NaN	4.3224552E-4
hung	1	2	4.3224552E-4	NaN	NaN	4.3224552E-4
identical	1	2	4.3224552E-4	NaN	NaN	4.3224552E-4
imperial	1	2	4.3224552E-4	NaN	NaN	4.3224552E-4
impression	1	2	4.3224552E-4	NaN	NaN	4.3224552E-4
infinite	1	2	4.3224552E-4	NaN	NaN	4.3224552E-4
inofficial	1	2	4.3224552E-4	NaN	NaN	4.3224552E-4
instruction	1	2	4.3224552E-4	NaN	NaN	4.3224552E-4
jehovah	1	2	4.3224552E-4	NaN	NaN	4.3224552E-4
jerks	1	2	4.3224552E-4	NaN	NaN	4.3224552E-4
knee	1	2	4.3224552E-4	NaN	NaN	4.3224552E-4
knowing	1	2	4.3224552E-4	NaN	NaN	4.3224552E-4
leaves	1	2	4.3224552E-4	NaN	NaN	4.3224552E-4
lights	1	2	4.3224552E-4	NaN	NaN	4.3224552E-4
lit	1	2	4.3224552E-4	NaN	NaN	4.3224552E-4
living	1	2	4.3224552E-4	NaN	NaN	4.3224552E-4
loves	1	2	4.3224552E-4	NaN	NaN	4.3224552E-4
lunar	1	2	4.3224552E-4	NaN	NaN	4.3224552E-4
magic	1	2	4.3224552E-4	NaN	NaN	4.3224552E-4
maid	1	2	4.3224552E-4	NaN	NaN	4.3224552E-4
making	1	2	4.3224552E-4	NaN	NaN	4.3224552E-4
male	1	2	4.3224552E-4	NaN	NaN	4.3224552E-4
marriage	1	2	4.3224552E-4	NaN	NaN	4.3224552E-4
master	1	2	4.3224552E-4	NaN	NaN	4.3224552E-4
maternity	1	2	4.3224552E-4	NaN	NaN	4.3224552E-4
matrimonial	1	2	4.3224552E-4	NaN	NaN	4.3224552E-4
meeting	1	2	4.3224552E-4	NaN	NaN	4.3224552E-4
mercy	1	2	4.3224552E-4	NaN	NaN	4.3224552E-4
merely	1	2	4.3224552E-4	NaN	NaN	4.3224552E-4
monster	1	2	4.3224552E-4	NaN	NaN	4.3224552E-4
mother	1	2	4.3224552E-4	NaN	NaN	4.3224552E-4
mountain	1	2	4.3224552E-4	NaN	NaN	4.3224552E-4
mystic	1	2	4.3224552E-4	NaN	NaN	4.3224552E-4
neighbour	1	2	4.3224552E-4	NaN	NaN	4.3224552E-4
nerves	1	2	4.3224552E-4	NaN	NaN	4.3224552E-4
nocturnal	1	2	4.3224552E-4	NaN	NaN	4.3224552E-4
nose	1	2	4.3224552E-4	NaN	NaN	4.3224552E-4
nucleus	1	2	4.3224552E-4	NaN	NaN	4.3224552E-4
official	1	2	4.3224552E-4	NaN	NaN	4.3224552E-4
offspring	1	2	4.3224552E-4	NaN	NaN	4.3224552E-4
old	1	2	4.3224552E-4	NaN	NaN	4.3224552E-4
open	1	2	4.3224552E-4	NaN	NaN	4.3224552E-4
passes	1	2	4.3224552E-4	NaN	NaN	4.3224552E-4
petal	1	2	4.3224552E-4	NaN	NaN	4.3224552E-4
petals	1	2	4.3224552E-4	NaN	NaN	4.3224552E-4
phthisis	1	2	4.3224552E-4	NaN	NaN	4.3224552E-4
polished	1	2	4.3224552E-4	NaN	NaN	4.3224552E-4
pours	1	2	4.3224552E-4	NaN	NaN	4.3224552E-4
pouting	1	2	4.3224552E-4	NaN	NaN	4.3224552E-4
powder	1	2	4.3224552E-4	NaN	NaN	4.3224552E-4
precisely	1	2	4.3224552E-4	NaN	NaN	4.3224552E-4
presence	1	2	4.3224552E-4	NaN	NaN	4.3224552E-4
press	1	2	4.3224552E-4	NaN	NaN	4.3224552E-4
prolonged	1	2	4.3224552E-4	NaN	NaN	4.3224552E-4
puff	1	2	4.3224552E-4	NaN	NaN	4.3224552E-4
pulling	1	2	4.3224552E-4	NaN	NaN	4.3224552E-4
pure	1	2	4.3224552E-4	NaN	NaN	4.3224552E-4
pushing	1	2	4.3224552E-4	NaN	NaN	4.3224552E-4
reading	1	2	4.3224552E-4	NaN	NaN	4.3224552E-4
red	1	2	4.3224552E-4	NaN	NaN	4.3224552E-4
reigns	1	2	4.3224552E-4	NaN	NaN	4.3224552E-4
resisting	1	2	4.3224552E-4	NaN	NaN	4.3224552E-4
revelation	1	2	4.3224552E-4	NaN	NaN	4.3224552E-4
ribbon	1	2	4.3224552E-4	NaN	NaN	4.3224552E-4
right	1	2	4.3224552E-4	NaN	NaN	4.3224552E-4
rubbed	1	2	4.3224552E-4	NaN	NaN	4.3224552E-4
running	1	2	4.3224552E-4	NaN	NaN	4.3224552E-4
seeing	1	2	4.3224552E-4	NaN	NaN	4.3224552E-4
sensibility	1	2	4.3224552E-4	NaN	NaN	4.3224552E-4
shadows	1	2	4.3224552E-4	NaN	NaN	4.3224552E-4
shame	1	2	4.3224552E-4	NaN	NaN	4.3224552E-4
sharp	1	2	4.3224552E-4	NaN	NaN	4.3224552E-4
sheath	1	2	4.3224552E-4	NaN	NaN	4.3224552E-4
shop	1	2	4.3224552E-4	NaN	NaN	4.3224552E-4
shut	1	2	4.3224552E-4	NaN	NaN	4.3224552E-4
signs	1	2	4.3224552E-4	NaN	NaN	4.3224552E-4
sings	1	2	4.3224552E-4	NaN	NaN	4.3224552E-4
skies	1	2	4.3224552E-4	NaN	NaN	4.3224552E-4
small	1	2	4.3224552E-4	NaN	NaN	4.3224552E-4
smell	1	2	4.3224552E-4	NaN	NaN	4.3224552E-4
smile	1	2	4.3224552E-4	NaN	NaN	4.3224552E-4
smiling	1	2	4.3224552E-4	NaN	NaN	4.3224552E-4
snout	1	2	4.3224552E-4	NaN	NaN	4.3224552E-4
softer	1	2	4.3224552E-4	NaN	NaN	4.3224552E-4
souls	1	2	4.3224552E-4	NaN	NaN	4.3224552E-4
spring	1	2	4.3224552E-4	NaN	NaN	4.3224552E-4
star	1	2	4.3224552E-4	NaN	NaN	4.3224552E-4
starry	1	2	4.3224552E-4	NaN	NaN	4.3224552E-4
static	1	2	4.3224552E-4	NaN	NaN	4.3224552E-4
stir	1	2	4.3224552E-4	NaN	NaN	4.3224552E-4
straight	1	2	4.3224552E-4	NaN	NaN	4.3224552E-4
strikes	1	2	4.3224552E-4	NaN	NaN	4.3224552E-4
subsides	1	2	4.3224552E-4	NaN	NaN	4.3224552E-4
tell	1	2	4.3224552E-4	NaN	NaN	4.3224552E-4
tepid	1	2	4.3224552E-4	NaN	NaN	4.3224552E-4
thighs	1	2	4.3224552E-4	NaN	NaN	4.3224552E-4
throat	1	2	4.3224552E-4	NaN	NaN	4.3224552E-4
trailing	1	2	4.3224552E-4	NaN	NaN	4.3224552E-4
tree	1	2	4.3224552E-4	NaN	NaN	4.3224552E-4
trouser	1	2	4.3224552E-4	NaN	NaN	4.3224552E-4
turning	1	2	4.3224552E-4	NaN	NaN	4.3224552E-4
unaware	1	2	4.3224552E-4	NaN	NaN	4.3224552E-4
undulation	1	2	4.3224552E-4	NaN	NaN	4.3224552E-4
unnatural	1	2	4.3224552E-4	NaN	NaN	4.3224552E-4
upstairs	1	2	4.3224552E-4	NaN	NaN	4.3224552E-4
usual	1	2	4.3224552E-4	NaN	NaN	4.3224552E-4
virginal	1	2	4.3224552E-4	NaN	NaN	4.3224552E-4
virginity	1	2	4.3224552E-4	NaN	NaN	4.3224552E-4
voice	1	2	4.3224552E-4	NaN	NaN	4.3224552E-4
walk	1	2	4.3224552E-4	NaN	NaN	4.3224552E-4
warms	1	2	4.3224552E-4	NaN	NaN	4.3224552E-4
waving	1	2	4.3224552E-4	NaN	NaN	4.3224552E-4
wind	1	2	4.3224552E-4	NaN	NaN	4.3224552E-4
wing	1	2	4.3224552E-4	NaN	NaN	4.3224552E-4
wire	1	2	4.3224552E-4	NaN	NaN	4.3224552E-4
wise	1	2	4.3224552E-4	NaN	NaN	4.3224552E-4
woman's	1	2	4.3224552E-4	NaN	NaN	4.3224552E-4
youth	1	2	4.3224552E-4	NaN	NaN	4.3224552E-4
abominable	1	1	2.1612276E-4	NaN	NaN	2.1612276E-4
aboriginal	1	1	2.1612276E-4	NaN	NaN	2.1612276E-4
abortions	1	1	2.1612276E-4	NaN	NaN	2.1612276E-4
absorbed	1	1	2.1612276E-4	NaN	NaN	2.1612276E-4
abstracted	1	1	2.1612276E-4	NaN	NaN	2.1612276E-4
accepting	1	1	2.1612276E-4	NaN	NaN	2.1612276E-4
accoupling	1	1	2.1612276E-4	NaN	NaN	2.1612276E-4
accrete	1	1	2.1612276E-4	NaN	NaN	2.1612276E-4
acrobat	1	1	2.1612276E-4	NaN	NaN	2.1612276E-4
act	1	1	2.1612276E-4	NaN	NaN	2.1612276E-4
activities	1	1	2.1612276E-4	NaN	NaN	2.1612276E-4
activity	1	1	2.1612276E-4	NaN	NaN	2.1612276E-4
actual	1	1	2.1612276E-4	NaN	NaN	2.1612276E-4
acutely	1	1	2.1612276E-4	NaN	NaN	2.1612276E-4
ada	1	1	2.1612276E-4	NaN	NaN	2.1612276E-4
adamsite	1	1	2.1612276E-4	NaN	NaN	2.1612276E-4
adjusted	1	1	2.1612276E-4	NaN	NaN	2.1612276E-4
adolescence	1	1	2.1612276E-4	NaN	NaN	2.1612276E-4
adolescent	1	1	2.1612276E-4	NaN	NaN	2.1612276E-4
advertised	1	1	2.1612276E-4	NaN	NaN	2.1612276E-4
advertisements	1	1	2.1612276E-4	NaN	NaN	2.1612276E-4
advice	1	1	2.1612276E-4	NaN	NaN	2.1612276E-4
aerial	1	1	2.1612276E-4	NaN	NaN	2.1612276E-4
aesthetic	1	1	2.1612276E-4	NaN	NaN	2.1612276E-4
affair	1	1	2.1612276E-4	NaN	NaN	2.1612276E-4
age	1	1	2.1612276E-4	NaN	NaN	2.1612276E-4
aged	1	1	2.1612276E-4	NaN	NaN	2.1612276E-4
agglomeration	1	1	2.1612276E-4	NaN	NaN	2.1612276E-4
aggressive	1	1	2.1612276E-4	NaN	NaN	2.1612276E-4
aiding	1	1	2.1612276E-4	NaN	NaN	2.1612276E-4
aisles	1	1	2.1612276E-4	NaN	NaN	2.1612276E-4
alarum	1	1	2.1612276E-4	NaN	NaN	2.1612276E-4
albion	1	1	2.1612276E-4	NaN	NaN	2.1612276E-4
albion's	1	1	2.1612276E-4	NaN	NaN	2.1612276E-4
alice	1	1	2.1612276E-4	NaN	NaN	2.1612276E-4
alien	1	1	2.1612276E-4	NaN	NaN	2.1612276E-4
aloft	1	1	2.1612276E-4	NaN	NaN	2.1612276E-4
aloofness	1	1	2.1612276E-4	NaN	NaN	2.1612276E-4
alpha	1	1	2.1612276E-4	NaN	NaN	2.1612276E-4
altar	1	1	2.1612276E-4	NaN	NaN	2.1612276E-4
amass	1	1	2.1612276E-4	NaN	NaN	2.1612276E-4
amateur	1	1	2.1612276E-4	NaN	NaN	2.1612276E-4
amative	1	1	2.1612276E-4	NaN	NaN	2.1612276E-4
ambiente	1	1	2.1612276E-4	NaN	NaN	2.1612276E-4
ambled	1	1	2.1612276E-4	NaN	NaN	2.1612276E-4
american	1	1	2.1612276E-4	NaN	NaN	2.1612276E-4
amity	1	1	2.1612276E-4	NaN	NaN	2.1612276E-4
amorphous	1	1	2.1612276E-4	NaN	NaN	2.1612276E-4
anatomical	1	1	2.1612276E-4	NaN	NaN	2.1612276E-4
ancestry	1	1	2.1612276E-4	NaN	NaN	2.1612276E-4
angle	1	1	2.1612276E-4	NaN	NaN	2.1612276E-4
annoy	1	1	2.1612276E-4	NaN	NaN	2.1612276E-4
antennae	1	1	2.1612276E-4	NaN	NaN	2.1612276E-4
antipodean	1	1	2.1612276E-4	NaN	NaN	2.1612276E-4
ap	1	1	2.1612276E-4	NaN	NaN	2.1612276E-4
apartment	1	1	2.1612276E-4	NaN	NaN	2.1612276E-4
appeared	1	1	2.1612276E-4	NaN	NaN	2.1612276E-4
appraisable	1	1	2.1612276E-4	NaN	NaN	2.1612276E-4
apprehend	1	1	2.1612276E-4	NaN	NaN	2.1612276E-4
approving	1	1	2.1612276E-4	NaN	NaN	2.1612276E-4
apt	1	1	2.1612276E-4	NaN	NaN	2.1612276E-4
arc	1	1	2.1612276E-4	NaN	NaN	2.1612276E-4
arch	1	1	2.1612276E-4	NaN	NaN	2.1612276E-4
archetypal	1	1	2.1612276E-4	NaN	NaN	2.1612276E-4
archetype	1	1	2.1612276E-4	NaN	NaN	2.1612276E-4
archives	1	1	2.1612276E-4	NaN	NaN	2.1612276E-4
area	1	1	2.1612276E-4	NaN	NaN	2.1612276E-4
arraying	1	1	2.1612276E-4	NaN	NaN	2.1612276E-4
arrested	1	1	2.1612276E-4	NaN	NaN	2.1612276E-4
art	1	1	2.1612276E-4	NaN	NaN	2.1612276E-4
ascetic	1	1	2.1612276E-4	NaN	NaN	2.1612276E-4
ashes	1	1	2.1612276E-4	NaN	NaN	2.1612276E-4
ashy	1	1	2.1612276E-4	NaN	NaN	2.1612276E-4
aspiration	1	1	2.1612276E-4	NaN	NaN	2.1612276E-4
assertion	1	1	2.1612276E-4	NaN	NaN	2.1612276E-4
atomic	1	1	2.1612276E-4	NaN	NaN	2.1612276E-4
attendant	1	1	2.1612276E-4	NaN	NaN	2.1612276E-4
attitude	1	1	2.1612276E-4	NaN	NaN	2.1612276E-4
attractions	1	1	2.1612276E-4	NaN	NaN	2.1612276E-4
attributes	1	1	2.1612276E-4	NaN	NaN	2.1612276E-4
august	1	1	2.1612276E-4	NaN	NaN	2.1612276E-4
aunt	1	1	2.1612276E-4	NaN	NaN	2.1612276E-4
austere	1	1	2.1612276E-4	NaN	NaN	2.1612276E-4
automaton	1	1	2.1612276E-4	NaN	NaN	2.1612276E-4
avenues	1	1	2.1612276E-4	NaN	NaN	2.1612276E-4
averted	1	1	2.1612276E-4	NaN	NaN	2.1612276E-4
avidity	1	1	2.1612276E-4	NaN	NaN	2.1612276E-4
babel	1	1	2.1612276E-4	NaN	NaN	2.1612276E-4
babies	1	1	2.1612276E-4	NaN	NaN	2.1612276E-4
baby	1	1	2.1612276E-4	NaN	NaN	2.1612276E-4
bacco	1	1	2.1612276E-4	NaN	NaN	2.1612276E-4
baedeker	1	1	2.1612276E-4	NaN	NaN	2.1612276E-4
baited	1	1	2.1612276E-4	NaN	NaN	2.1612276E-4
balance	1	1	2.1612276E-4	NaN	NaN	2.1612276E-4
ballerina's	1	1	2.1612276E-4	NaN	NaN	2.1612276E-4
ballet	1	1	2.1612276E-4	NaN	NaN	2.1612276E-4
bandy	1	1	2.1612276E-4	NaN	NaN	2.1612276E-4
banisters	1	1	2.1612276E-4	NaN	NaN	2.1612276E-4
bar	1	1	2.1612276E-4	NaN	NaN	2.1612276E-4
barber	1	1	2.1612276E-4	NaN	NaN	2.1612276E-4
bare	1	1	2.1612276E-4	NaN	NaN	2.1612276E-4
bareback	1	1	2.1612276E-4	NaN	NaN	2.1612276E-4
bared	1	1	2.1612276E-4	NaN	NaN	2.1612276E-4
bargaining	1	1	2.1612276E-4	NaN	NaN	2.1612276E-4
baroque	1	1	2.1612276E-4	NaN	NaN	2.1612276E-4
barracks	1	1	2.1612276E-4	NaN	NaN	2.1612276E-4
beating	1	1	2.1612276E-4	NaN	NaN	2.1612276E-4
beautiful	1	1	2.1612276E-4	NaN	NaN	2.1612276E-4
beck	1	1	2.1612276E-4	NaN	NaN	2.1612276E-4
beckoning	1	1	2.1612276E-4	NaN	NaN	2.1612276E-4
becoming	1	1	2.1612276E-4	NaN	NaN	2.1612276E-4
begging	1	1	2.1612276E-4	NaN	NaN	2.1612276E-4
bellies	1	1	2.1612276E-4	NaN	NaN	2.1612276E-4
belligerent	1	1	2.1612276E-4	NaN	NaN	2.1612276E-4
bellona	1	1	2.1612276E-4	NaN	NaN	2.1612276E-4
bellows	1	1	2.1612276E-4	NaN	NaN	2.1612276E-4
bells	1	1	2.1612276E-4	NaN	NaN	2.1612276E-4
bended	1	1	2.1612276E-4	NaN	NaN	2.1612276E-4
bengal	1	1	2.1612276E-4	NaN	NaN	2.1612276E-4
best	1	1	2.1612276E-4	NaN	NaN	2.1612276E-4
better	1	1	2.1612276E-4	NaN	NaN	2.1612276E-4
bewitched	1	1	2.1612276E-4	NaN	NaN	2.1612276E-4
bewitching	1	1	2.1612276E-4	NaN	NaN	2.1612276E-4
bi	1	1	2.1612276E-4	NaN	NaN	2.1612276E-4
bility	1	1	2.1612276E-4	NaN	NaN	2.1612276E-4
birds	1	1	2.1612276E-4	NaN	NaN	2.1612276E-4
bits	1	1	2.1612276E-4	NaN	NaN	2.1612276E-4
bland	1	1	2.1612276E-4	NaN	NaN	2.1612276E-4
blinde	1	1	2.1612276E-4	NaN	NaN	2.1612276E-4
blood	1	1	2.1612276E-4	NaN	NaN	2.1612276E-4
bloodless	1	1	2.1612276E-4	NaN	NaN	2.1612276E-4
blooming	1	1	2.1612276E-4	NaN	NaN	2.1612276E-4
blossom	1	1	2.1612276E-4	NaN	NaN	2.1612276E-4
blossoms	1	1	2.1612276E-4	NaN	NaN	2.1612276E-4
blot	1	1	2.1612276E-4	NaN	NaN	2.1612276E-4
blots	1	1	2.1612276E-4	NaN	NaN	2.1612276E-4
blown	1	1	2.1612276E-4	NaN	NaN	2.1612276E-4
blur	1	1	2.1612276E-4	NaN	NaN	2.1612276E-4
blurring	1	1	2.1612276E-4	NaN	NaN	2.1612276E-4
blush	1	1	2.1612276E-4	NaN	NaN	2.1612276E-4
boa	1	1	2.1612276E-4	NaN	NaN	2.1612276E-4
board	1	1	2.1612276E-4	NaN	NaN	2.1612276E-4
boiling	1	1	2.1612276E-4	NaN	NaN	2.1612276E-4
bolshevik	1	1	2.1612276E-4	NaN	NaN	2.1612276E-4
boots	1	1	2.1612276E-4	NaN	NaN	2.1612276E-4
bore	1	1	2.1612276E-4	NaN	NaN	2.1612276E-4
bosom	1	1	2.1612276E-4	NaN	NaN	2.1612276E-4
bossed	1	1	2.1612276E-4	NaN	NaN	2.1612276E-4
bottles	1	1	2.1612276E-4	NaN	NaN	2.1612276E-4
boundaries	1	1	2.1612276E-4	NaN	NaN	2.1612276E-4
bowlegged	1	1	2.1612276E-4	NaN	NaN	2.1612276E-4
bowlegs	1	1	2.1612276E-4	NaN	NaN	2.1612276E-4
bowler	1	1	2.1612276E-4	NaN	NaN	2.1612276E-4
boxes	1	1	2.1612276E-4	NaN	NaN	2.1612276E-4
boy	1	1	2.1612276E-4	NaN	NaN	2.1612276E-4
boys	1	1	2.1612276E-4	NaN	NaN	2.1612276E-4
brain	1	1	2.1612276E-4	NaN	NaN	2.1612276E-4
brancusi's	1	1	2.1612276E-4	NaN	NaN	2.1612276E-4
brandy	1	1	2.1612276E-4	NaN	NaN	2.1612276E-4
brass	1	1	2.1612276E-4	NaN	NaN	2.1612276E-4
brassily	1	1	2.1612276E-4	NaN	NaN	2.1612276E-4
brave	1	1	2.1612276E-4	NaN	NaN	2.1612276E-4
bravely	1	1	2.1612276E-4	NaN	NaN	2.1612276E-4
braying	1	1	2.1612276E-4	NaN	NaN	2.1612276E-4
breakfasting	1	1	2.1612276E-4	NaN	NaN	2.1612276E-4
brief	1	1	2.1612276E-4	NaN	NaN	2.1612276E-4
brightest	1	1	2.1612276E-4	NaN	NaN	2.1612276E-4
bristles	1	1	2.1612276E-4	NaN	NaN	2.1612276E-4
bronchitis	1	1	2.1612276E-4	NaN	NaN	2.1612276E-4
brood	1	1	2.1612276E-4	NaN	NaN	2.1612276E-4
brow	1	1	2.1612276E-4	NaN	NaN	2.1612276E-4
browse	1	1	2.1612276E-4	NaN	NaN	2.1612276E-4
brute	1	1	2.1612276E-4	NaN	NaN	2.1612276E-4
buffoons	1	1	2.1612276E-4	NaN	NaN	2.1612276E-4
bunched	1	1	2.1612276E-4	NaN	NaN	2.1612276E-4
burial	1	1	2.1612276E-4	NaN	NaN	2.1612276E-4
bursting	1	1	2.1612276E-4	NaN	NaN	2.1612276E-4
bury	1	1	2.1612276E-4	NaN	NaN	2.1612276E-4
butterfly	1	1	2.1612276E-4	NaN	NaN	2.1612276E-4
buttocks	1	1	2.1612276E-4	NaN	NaN	2.1612276E-4
buttoned	1	1	2.1612276E-4	NaN	NaN	2.1612276E-4
cab	1	1	2.1612276E-4	NaN	NaN	2.1612276E-4
cabs	1	1	2.1612276E-4	NaN	NaN	2.1612276E-4
caged	1	1	2.1612276E-4	NaN	NaN	2.1612276E-4
calculations	1	1	2.1612276E-4	NaN	NaN	2.1612276E-4
calling	1	1	2.1612276E-4	NaN	NaN	2.1612276E-4
calls	1	1	2.1612276E-4	NaN	NaN	2.1612276E-4
calves	1	1	2.1612276E-4	NaN	NaN	2.1612276E-4
camellia	1	1	2.1612276E-4	NaN	NaN	2.1612276E-4
can't	1	1	2.1612276E-4	NaN	NaN	2.1612276E-4
cannon	1	1	2.1612276E-4	NaN	NaN	2.1612276E-4
canopy	1	1	2.1612276E-4	NaN	NaN	2.1612276E-4
capitalized	1	1	2.1612276E-4	NaN	NaN	2.1612276E-4
captured	1	1	2.1612276E-4	NaN	NaN	2.1612276E-4
carcass	1	1	2.1612276E-4	NaN	NaN	2.1612276E-4
caress	1	1	2.1612276E-4	NaN	NaN	2.1612276E-4
caressive	1	1	2.1612276E-4	NaN	NaN	2.1612276E-4
carnose	1	1	2.1612276E-4	NaN	NaN	2.1612276E-4
carousel	1	1	2.1612276E-4	NaN	NaN	2.1612276E-4
carpenter's	1	1	2.1612276E-4	NaN	NaN	2.1612276E-4
cast	1	1	2.1612276E-4	NaN	NaN	2.1612276E-4
caught	1	1	2.1612276E-4	NaN	NaN	2.1612276E-4
caverns	1	1	2.1612276E-4	NaN	NaN	2.1612276E-4
celestial	1	1	2.1612276E-4	NaN	NaN	2.1612276E-4
celibate	1	1	2.1612276E-4	NaN	NaN	2.1612276E-4
celtic	1	1	2.1612276E-4	NaN	NaN	2.1612276E-4
censor's	1	1	2.1612276E-4	NaN	NaN	2.1612276E-4
centre	1	1	2.1612276E-4	NaN	NaN	2.1612276E-4
centripetal	1	1	2.1612276E-4	NaN	NaN	2.1612276E-4
cerebral	1	1	2.1612276E-4	NaN	NaN	2.1612276E-4
certain	1	1	2.1612276E-4	NaN	NaN	2.1612276E-4
certainly	1	1	2.1612276E-4	NaN	NaN	2.1612276E-4
chair	1	1	2.1612276E-4	NaN	NaN	2.1612276E-4
chamber	1	1	2.1612276E-4	NaN	NaN	2.1612276E-4
chances	1	1	2.1612276E-4	NaN	NaN	2.1612276E-4
chandelier	1	1	2.1612276E-4	NaN	NaN	2.1612276E-4
chasing	1	1	2.1612276E-4	NaN	NaN	2.1612276E-4
cherries	1	1	2.1612276E-4	NaN	NaN	2.1612276E-4
chiefly	1	1	2.1612276E-4	NaN	NaN	2.1612276E-4
children	1	1	2.1612276E-4	NaN	NaN	2.1612276E-4
chimera	1	1	2.1612276E-4	NaN	NaN	2.1612276E-4
chimeras	1	1	2.1612276E-4	NaN	NaN	2.1612276E-4
china	1	1	2.1612276E-4	NaN	NaN	2.1612276E-4
chivalry	1	1	2.1612276E-4	NaN	NaN	2.1612276E-4
choked	1	1	2.1612276E-4	NaN	NaN	2.1612276E-4
christ	1	1	2.1612276E-4	NaN	NaN	2.1612276E-4
christen	1	1	2.1612276E-4	NaN	NaN	2.1612276E-4
christian	1	1	2.1612276E-4	NaN	NaN	2.1612276E-4
christmas	1	1	2.1612276E-4	NaN	NaN	2.1612276E-4
chromatic	1	1	2.1612276E-4	NaN	NaN	2.1612276E-4
chrysanthemum	1	1	2.1612276E-4	NaN	NaN	2.1612276E-4
circle	1	1	2.1612276E-4	NaN	NaN	2.1612276E-4
circular	1	1	2.1612276E-4	NaN	NaN	2.1612276E-4
circularity	1	1	2.1612276E-4	NaN	NaN	2.1612276E-4
circumscribed	1	1	2.1612276E-4	NaN	NaN	2.1612276E-4
citadels	1	1	2.1612276E-4	NaN	NaN	2.1612276E-4
city	1	1	2.1612276E-4	NaN	NaN	2.1612276E-4
civilization	1	1	2.1612276E-4	NaN	NaN	2.1612276E-4
civilized	1	1	2.1612276E-4	NaN	NaN	2.1612276E-4
clacking	1	1	2.1612276E-4	NaN	NaN	2.1612276E-4
clasps	1	1	2.1612276E-4	NaN	NaN	2.1612276E-4
classes	1	1	2.1612276E-4	NaN	NaN	2.1612276E-4
claw	1	1	2.1612276E-4	NaN	NaN	2.1612276E-4
claws	1	1	2.1612276E-4	NaN	NaN	2.1612276E-4
clear	1	1	2.1612276E-4	NaN	NaN	2.1612276E-4
climax	1	1	2.1612276E-4	NaN	NaN	2.1612276E-4
climbing	1	1	2.1612276E-4	NaN	NaN	2.1612276E-4
clod	1	1	2.1612276E-4	NaN	NaN	2.1612276E-4
cloud	1	1	2.1612276E-4	NaN	NaN	2.1612276E-4
clown	1	1	2.1612276E-4	NaN	NaN	2.1612276E-4
clowns	1	1	2.1612276E-4	NaN	NaN	2.1612276E-4
clutching	1	1	2.1612276E-4	NaN	NaN	2.1612276E-4
cocaine	1	1	2.1612276E-4	NaN	NaN	2.1612276E-4
cocotte	1	1	2.1612276E-4	NaN	NaN	2.1612276E-4
coffin	1	1	2.1612276E-4	NaN	NaN	2.1612276E-4
coiling	1	1	2.1612276E-4	NaN	NaN	2.1612276E-4
collecting	1	1	2.1612276E-4	NaN	NaN	2.1612276E-4
collectivity	1	1	2.1612276E-4	NaN	NaN	2.1612276E-4
colloquists	1	1	2.1612276E-4	NaN	NaN	2.1612276E-4
color	1	1	2.1612276E-4	NaN	NaN	2.1612276E-4
coloration	1	1	2.1612276E-4	NaN	NaN	2.1612276E-4
colored	1	1	2.1612276E-4	NaN	NaN	2.1612276E-4
colorless	1	1	2.1612276E-4	NaN	NaN	2.1612276E-4
coloured	1	1	2.1612276E-4	NaN	NaN	2.1612276E-4
combed	1	1	2.1612276E-4	NaN	NaN	2.1612276E-4
comfortable	1	1	2.1612276E-4	NaN	NaN	2.1612276E-4
coming	1	1	2.1612276E-4	NaN	NaN	2.1612276E-4
commotion	1	1	2.1612276E-4	NaN	NaN	2.1612276E-4
communion	1	1	2.1612276E-4	NaN	NaN	2.1612276E-4
composite	1	1	2.1612276E-4	NaN	NaN	2.1612276E-4
compound	1	1	2.1612276E-4	NaN	NaN	2.1612276E-4
compressed	1	1	2.1612276E-4	NaN	NaN	2.1612276E-4
compromising	1	1	2.1612276E-4	NaN	NaN	2.1612276E-4
concentrating	1	1	2.1612276E-4	NaN	NaN	2.1612276E-4
concentric	1	1	2.1612276E-4	NaN	NaN	2.1612276E-4
conceptions	1	1	2.1612276E-4	NaN	NaN	2.1612276E-4
conceptual	1	1	2.1612276E-4	NaN	NaN	2.1612276E-4
concern	1	1	2.1612276E-4	NaN	NaN	2.1612276E-4
concert	1	1	2.1612276E-4	NaN	NaN	2.1612276E-4
concubine	1	1	2.1612276E-4	NaN	NaN	2.1612276E-4
concussive	1	1	2.1612276E-4	NaN	NaN	2.1612276E-4
conformation	1	1	2.1612276E-4	NaN	NaN	2.1612276E-4
conformed	1	1	2.1612276E-4	NaN	NaN	2.1612276E-4
conformity	1	1	2.1612276E-4	NaN	NaN	2.1612276E-4
confuse	1	1	2.1612276E-4	NaN	NaN	2.1612276E-4
confuses	1	1	2.1612276E-4	NaN	NaN	2.1612276E-4
congested	1	1	2.1612276E-4	NaN	NaN	2.1612276E-4
conjugal	1	1	2.1612276E-4	NaN	NaN	2.1612276E-4
consecration	1	1	2.1612276E-4	NaN	NaN	2.1612276E-4
consequence	1	1	2.1612276E-4	NaN	NaN	2.1612276E-4
conservative	1	1	2.1612276E-4	NaN	NaN	2.1612276E-4
conservatories	1	1	2.1612276E-4	NaN	NaN	2.1612276E-4
consonant	1	1	2.1612276E-4	NaN	NaN	2.1612276E-4
constellations	1	1	2.1612276E-4	NaN	NaN	2.1612276E-4
consummately	1	1	2.1612276E-4	NaN	NaN	2.1612276E-4
consumptive	1	1	2.1612276E-4	NaN	NaN	2.1612276E-4
contaminated	1	1	2.1612276E-4	NaN	NaN	2.1612276E-4
contemplation	1	1	2.1612276E-4	NaN	NaN	2.1612276E-4
contents	1	1	2.1612276E-4	NaN	NaN	2.1612276E-4
continent	1	1	2.1612276E-4	NaN	NaN	2.1612276E-4
contour	1	1	2.1612276E-4	NaN	NaN	2.1612276E-4
contours	1	1	2.1612276E-4	NaN	NaN	2.1612276E-4
contraction	1	1	2.1612276E-4	NaN	NaN	2.1612276E-4
conveyed	1	1	2.1612276E-4	NaN	NaN	2.1612276E-4
cooking	1	1	2.1612276E-4	NaN	NaN	2.1612276E-4
corner	1	1	2.1612276E-4	NaN	NaN	2.1612276E-4
cornucopia	1	1	2.1612276E-4	NaN	NaN	2.1612276E-4
corpses	1	1	2.1612276E-4	NaN	NaN	2.1612276E-4
corrosion	1	1	2.1612276E-4	NaN	NaN	2.1612276E-4
cosmos	1	1	2.1612276E-4	NaN	NaN	2.1612276E-4
coupled	1	1	2.1612276E-4	NaN	NaN	2.1612276E-4
courted	1	1	2.1612276E-4	NaN	NaN	2.1612276E-4
covers	1	1	2.1612276E-4	NaN	NaN	2.1612276E-4
cows	1	1	2.1612276E-4	NaN	NaN	2.1612276E-4
crack	1	1	2.1612276E-4	NaN	NaN	2.1612276E-4
crashes	1	1	2.1612276E-4	NaN	NaN	2.1612276E-4
craters	1	1	2.1612276E-4	NaN	NaN	2.1612276E-4
cravat	1	1	2.1612276E-4	NaN	NaN	2.1612276E-4
craving	1	1	2.1612276E-4	NaN	NaN	2.1612276E-4
crawling	1	1	2.1612276E-4	NaN	NaN	2.1612276E-4
cream	1	1	2.1612276E-4	NaN	NaN	2.1612276E-4
creative	1	1	2.1612276E-4	NaN	NaN	2.1612276E-4
crest	1	1	2.1612276E-4	NaN	NaN	2.1612276E-4
criminal	1	1	2.1612276E-4	NaN	NaN	2.1612276E-4
crises	1	1	2.1612276E-4	NaN	NaN	2.1612276E-4
crop	1	1	2.1612276E-4	NaN	NaN	2.1612276E-4
crow	1	1	2.1612276E-4	NaN	NaN	2.1612276E-4
crucified	1	1	2.1612276E-4	NaN	NaN	2.1612276E-4
cruel	1	1	2.1612276E-4	NaN	NaN	2.1612276E-4
crusaders	1	1	2.1612276E-4	NaN	NaN	2.1612276E-4
cry	1	1	2.1612276E-4	NaN	NaN	2.1612276E-4
cryptonyms	1	1	2.1612276E-4	NaN	NaN	2.1612276E-4
crystal	1	1	2.1612276E-4	NaN	NaN	2.1612276E-4
crystallization	1	1	2.1612276E-4	NaN	NaN	2.1612276E-4
cuff	1	1	2.1612276E-4	NaN	NaN	2.1612276E-4
cuirass	1	1	2.1612276E-4	NaN	NaN	2.1612276E-4
culled	1	1	2.1612276E-4	NaN	NaN	2.1612276E-4
culminating	1	1	2.1612276E-4	NaN	NaN	2.1612276E-4
curious	1	1	2.1612276E-4	NaN	NaN	2.1612276E-4
curled	1	1	2.1612276E-4	NaN	NaN	2.1612276E-4
curtain	1	1	2.1612276E-4	NaN	NaN	2.1612276E-4
curved	1	1	2.1612276E-4	NaN	NaN	2.1612276E-4
cuts	1	1	2.1612276E-4	NaN	NaN	2.1612276E-4
cyclones	1	1	2.1612276E-4	NaN	NaN	2.1612276E-4
cyclops	1	1	2.1612276E-4	NaN	NaN	2.1612276E-4
cyclorama	1	1	2.1612276E-4	NaN	NaN	2.1612276E-4
dam	1	1	2.1612276E-4	NaN	NaN	2.1612276E-4
damnation	1	1	2.1612276E-4	NaN	NaN	2.1612276E-4
dart	1	1	2.1612276E-4	NaN	NaN	2.1612276E-4
daughters	1	1	2.1612276E-4	NaN	NaN	2.1612276E-4
day's	1	1	2.1612276E-4	NaN	NaN	2.1612276E-4
deals	1	1	2.1612276E-4	NaN	NaN	2.1612276E-4
decomposing	1	1	2.1612276E-4	NaN	NaN	2.1612276E-4
deep	1	1	2.1612276E-4	NaN	NaN	2.1612276E-4
defensive	1	1	2.1612276E-4	NaN	NaN	2.1612276E-4
delicate	1	1	2.1612276E-4	NaN	NaN	2.1612276E-4
delightfully	1	1	2.1612276E-4	NaN	NaN	2.1612276E-4
delirious	1	1	2.1612276E-4	NaN	NaN	2.1612276E-4
deliriously	1	1	2.1612276E-4	NaN	NaN	2.1612276E-4
delirium	1	1	2.1612276E-4	NaN	NaN	2.1612276E-4
deposits	1	1	2.1612276E-4	NaN	NaN	2.1612276E-4
der	1	1	2.1612276E-4	NaN	NaN	2.1612276E-4
derobe	1	1	2.1612276E-4	NaN	NaN	2.1612276E-4
desecrated	1	1	2.1612276E-4	NaN	NaN	2.1612276E-4
devil	1	1	2.1612276E-4	NaN	NaN	2.1612276E-4
devourers	1	1	2.1612276E-4	NaN	NaN	2.1612276E-4
dewed	1	1	2.1612276E-4	NaN	NaN	2.1612276E-4
diagonally	1	1	2.1612276E-4	NaN	NaN	2.1612276E-4
did'ly	1	1	2.1612276E-4	NaN	NaN	2.1612276E-4
die	1	1	2.1612276E-4	NaN	NaN	2.1612276E-4
dilemmas	1	1	2.1612276E-4	NaN	NaN	2.1612276E-4
dimension	1	1	2.1612276E-4	NaN	NaN	2.1612276E-4
dimensions	1	1	2.1612276E-4	NaN	NaN	2.1612276E-4
dis'armony	1	1	2.1612276E-4	NaN	NaN	2.1612276E-4
disciplines	1	1	2.1612276E-4	NaN	NaN	2.1612276E-4
disciplining	1	1	2.1612276E-4	NaN	NaN	2.1612276E-4
discuss	1	1	2.1612276E-4	NaN	NaN	2.1612276E-4
diseased	1	1	2.1612276E-4	NaN	NaN	2.1612276E-4
disheartening	1	1	2.1612276E-4	NaN	NaN	2.1612276E-4
disposed	1	1	2.1612276E-4	NaN	NaN	2.1612276E-4
disproportionate	1	1	2.1612276E-4	NaN	NaN	2.1612276E-4
disputably	1	1	2.1612276E-4	NaN	NaN	2.1612276E-4
distinction	1	1	2.1612276E-4	NaN	NaN	2.1612276E-4
distorted	1	1	2.1612276E-4	NaN	NaN	2.1612276E-4
district	1	1	2.1612276E-4	NaN	NaN	2.1612276E-4
divested	1	1	2.1612276E-4	NaN	NaN	2.1612276E-4
divests	1	1	2.1612276E-4	NaN	NaN	2.1612276E-4
divine	1	1	2.1612276E-4	NaN	NaN	2.1612276E-4
doctor	1	1	2.1612276E-4	NaN	NaN	2.1612276E-4
doing	1	1	2.1612276E-4	NaN	NaN	2.1612276E-4
dominator	1	1	2.1612276E-4	NaN	NaN	2.1612276E-4
don	1	1	2.1612276E-4	NaN	NaN	2.1612276E-4
doomsdays	1	1	2.1612276E-4	NaN	NaN	2.1612276E-4
dorsal	1	1	2.1612276E-4	NaN	NaN	2.1612276E-4
downy	1	1	2.1612276E-4	NaN	NaN	2.1612276E-4
dragging	1	1	2.1612276E-4	NaN	NaN	2.1612276E-4
dragon	1	1	2.1612276E-4	NaN	NaN	2.1612276E-4
draped	1	1	2.1612276E-4	NaN	NaN	2.1612276E-4
draperies	1	1	2.1612276E-4	NaN	NaN	2.1612276E-4
dribble	1	1	2.1612276E-4	NaN	NaN	2.1612276E-4
drift	1	1	2.1612276E-4	NaN	NaN	2.1612276E-4
drifts	1	1	2.1612276E-4	NaN	NaN	2.1612276E-4
dripped	1	1	2.1612276E-4	NaN	NaN	2.1612276E-4
drive	1	1	2.1612276E-4	NaN	NaN	2.1612276E-4
drooping	1	1	2.1612276E-4	NaN	NaN	2.1612276E-4
droops	1	1	2.1612276E-4	NaN	NaN	2.1612276E-4
drowned	1	1	2.1612276E-4	NaN	NaN	2.1612276E-4
dry	1	1	2.1612276E-4	NaN	NaN	2.1612276E-4
dryad	1	1	2.1612276E-4	NaN	NaN	2.1612276E-4
dumfounded	1	1	2.1612276E-4	NaN	NaN	2.1612276E-4
dusk	1	1	2.1612276E-4	NaN	NaN	2.1612276E-4
dusted	1	1	2.1612276E-4	NaN	NaN	2.1612276E-4
dusting	1	1	2.1612276E-4	NaN	NaN	2.1612276E-4
duties	1	1	2.1612276E-4	NaN	NaN	2.1612276E-4
dying	1	1	2.1612276E-4	NaN	NaN	2.1612276E-4
early	1	1	2.1612276E-4	NaN	NaN	2.1612276E-4
ease	1	1	2.1612276E-4	NaN	NaN	2.1612276E-4
easiest	1	1	2.1612276E-4	NaN	NaN	2.1612276E-4
ebony	1	1	2.1612276E-4	NaN	NaN	2.1612276E-4
ecclesiast's	1	1	2.1612276E-4	NaN	NaN	2.1612276E-4
eclipse	1	1	2.1612276E-4	NaN	NaN	2.1612276E-4
ecstatic	1	1	2.1612276E-4	NaN	NaN	2.1612276E-4
edge	1	1	2.1612276E-4	NaN	NaN	2.1612276E-4
education	1	1	2.1612276E-4	NaN	NaN	2.1612276E-4
efficiently	1	1	2.1612276E-4	NaN	NaN	2.1612276E-4
effigy	1	1	2.1612276E-4	NaN	NaN	2.1612276E-4
effrontery	1	1	2.1612276E-4	NaN	NaN	2.1612276E-4
eggs	1	1	2.1612276E-4	NaN	NaN	2.1612276E-4
elastic	1	1	2.1612276E-4	NaN	NaN	2.1612276E-4
elated	1	1	2.1612276E-4	NaN	NaN	2.1612276E-4
elderly	1	1	2.1612276E-4	NaN	NaN	2.1612276E-4
elements	1	1	2.1612276E-4	NaN	NaN	2.1612276E-4
elevate	1	1	2.1612276E-4	NaN	NaN	2.1612276E-4
elixir	1	1	2.1612276E-4	NaN	NaN	2.1612276E-4
elusion	1	1	2.1612276E-4	NaN	NaN	2.1612276E-4
embalms	1	1	2.1612276E-4	NaN	NaN	2.1612276E-4
embraces	1	1	2.1612276E-4	NaN	NaN	2.1612276E-4
emporium	1	1	2.1612276E-4	NaN	NaN	2.1612276E-4
emptied	1	1	2.1612276E-4	NaN	NaN	2.1612276E-4
empties	1	1	2.1612276E-4	NaN	NaN	2.1612276E-4
ends	1	1	2.1612276E-4	NaN	NaN	2.1612276E-4
enfant	1	1	2.1612276E-4	NaN	NaN	2.1612276E-4
england	1	1	2.1612276E-4	NaN	NaN	2.1612276E-4
entangled	1	1	2.1612276E-4	NaN	NaN	2.1612276E-4
entrails	1	1	2.1612276E-4	NaN	NaN	2.1612276E-4
entrance	1	1	2.1612276E-4	NaN	NaN	2.1612276E-4
enviable	1	1	2.1612276E-4	NaN	NaN	2.1612276E-4
enwraps	1	1	2.1612276E-4	NaN	NaN	2.1612276E-4
epicurean	1	1	2.1612276E-4	NaN	NaN	2.1612276E-4
equal	1	1	2.1612276E-4	NaN	NaN	2.1612276E-4
equality	1	1	2.1612276E-4	NaN	NaN	2.1612276E-4
equally	1	1	2.1612276E-4	NaN	NaN	2.1612276E-4
equilibrium	1	1	2.1612276E-4	NaN	NaN	2.1612276E-4
equitably	1	1	2.1612276E-4	NaN	NaN	2.1612276E-4
eremite	1	1	2.1612276E-4	NaN	NaN	2.1612276E-4
erin	1	1	2.1612276E-4	NaN	NaN	2.1612276E-4
eros	1	1	2.1612276E-4	NaN	NaN	2.1612276E-4
erotic	1	1	2.1612276E-4	NaN	NaN	2.1612276E-4
err	1	1	2.1612276E-4	NaN	NaN	2.1612276E-4
erudite	1	1	2.1612276E-4	NaN	NaN	2.1612276E-4
escape	1	1	2.1612276E-4	NaN	NaN	2.1612276E-4
esoteric	1	1	2.1612276E-4	NaN	NaN	2.1612276E-4
establishing	1	1	2.1612276E-4	NaN	NaN	2.1612276E-4
eternity	1	1	2.1612276E-4	NaN	NaN	2.1612276E-4
etiquette	1	1	2.1612276E-4	NaN	NaN	2.1612276E-4
evacuate	1	1	2.1612276E-4	NaN	NaN	2.1612276E-4
everlasting	1	1	2.1612276E-4	NaN	NaN	2.1612276E-4
eves	1	1	2.1612276E-4	NaN	NaN	2.1612276E-4
evolution	1	1	2.1612276E-4	NaN	NaN	2.1612276E-4
evolutionary	1	1	2.1612276E-4	NaN	NaN	2.1612276E-4
exceeding	1	1	2.1612276E-4	NaN	NaN	2.1612276E-4
excess	1	1	2.1612276E-4	NaN	NaN	2.1612276E-4
exclamations	1	1	2.1612276E-4	NaN	NaN	2.1612276E-4
exclusively	1	1	2.1612276E-4	NaN	NaN	2.1612276E-4
excrements	1	1	2.1612276E-4	NaN	NaN	2.1612276E-4
exhaustion	1	1	2.1612276E-4	NaN	NaN	2.1612276E-4
exhilarated	1	1	2.1612276E-4	NaN	NaN	2.1612276E-4
exit	1	1	2.1612276E-4	NaN	NaN	2.1612276E-4
exorbitant	1	1	2.1612276E-4	NaN	NaN	2.1612276E-4
exoteric	1	1	2.1612276E-4	NaN	NaN	2.1612276E-4
expecting	1	1	2.1612276E-4	NaN	NaN	2.1612276E-4
expensive	1	1	2.1612276E-4	NaN	NaN	2.1612276E-4
experiment	1	1	2.1612276E-4	NaN	NaN	2.1612276E-4
expressing	1	1	2.1612276E-4	NaN	NaN	2.1612276E-4
expression	1	1	2.1612276E-4	NaN	NaN	2.1612276E-4
expressionless	1	1	2.1612276E-4	NaN	NaN	2.1612276E-4
extended	1	1	2.1612276E-4	NaN	NaN	2.1612276E-4
extensity	1	1	2.1612276E-4	NaN	NaN	2.1612276E-4
extent	1	1	2.1612276E-4	NaN	NaN	2.1612276E-4
extinct	1	1	2.1612276E-4	NaN	NaN	2.1612276E-4
extremities	1	1	2.1612276E-4	NaN	NaN	2.1612276E-4
eyed	1	1	2.1612276E-4	NaN	NaN	2.1612276E-4
eyeless	1	1	2.1612276E-4	NaN	NaN	2.1612276E-4
faces	1	1	2.1612276E-4	NaN	NaN	2.1612276E-4
factitious	1	1	2.1612276E-4	NaN	NaN	2.1612276E-4
faded	1	1	2.1612276E-4	NaN	NaN	2.1612276E-4
fading	1	1	2.1612276E-4	NaN	NaN	2.1612276E-4
fairy	1	1	2.1612276E-4	NaN	NaN	2.1612276E-4
falls	1	1	2.1612276E-4	NaN	NaN	2.1612276E-4
family	1	1	2.1612276E-4	NaN	NaN	2.1612276E-4
fangs	1	1	2.1612276E-4	NaN	NaN	2.1612276E-4
fantasies	1	1	2.1612276E-4	NaN	NaN	2.1612276E-4
far	1	1	2.1612276E-4	NaN	NaN	2.1612276E-4
farewell	1	1	2.1612276E-4	NaN	NaN	2.1612276E-4
fashionable	1	1	2.1612276E-4	NaN	NaN	2.1612276E-4
fearful	1	1	2.1612276E-4	NaN	NaN	2.1612276E-4
feathered	1	1	2.1612276E-4	NaN	NaN	2.1612276E-4
feathers	1	1	2.1612276E-4	NaN	NaN	2.1612276E-4
feeble	1	1	2.1612276E-4	NaN	NaN	2.1612276E-4
feed	1	1	2.1612276E-4	NaN	NaN	2.1612276E-4
feeding	1	1	2.1612276E-4	NaN	NaN	2.1612276E-4
feel	1	1	2.1612276E-4	NaN	NaN	2.1612276E-4
feminine	1	1	2.1612276E-4	NaN	NaN	2.1612276E-4
femininity	1	1	2.1612276E-4	NaN	NaN	2.1612276E-4
fetish	1	1	2.1612276E-4	NaN	NaN	2.1612276E-4
feverish	1	1	2.1612276E-4	NaN	NaN	2.1612276E-4
field	1	1	2.1612276E-4	NaN	NaN	2.1612276E-4
fields	1	1	2.1612276E-4	NaN	NaN	2.1612276E-4
finger	1	1	2.1612276E-4	NaN	NaN	2.1612276E-4
fires	1	1	2.1612276E-4	NaN	NaN	2.1612276E-4
firmly	1	1	2.1612276E-4	NaN	NaN	2.1612276E-4
flame	1	1	2.1612276E-4	NaN	NaN	2.1612276E-4
flames	1	1	2.1612276E-4	NaN	NaN	2.1612276E-4
flannel	1	1	2.1612276E-4	NaN	NaN	2.1612276E-4
flap	1	1	2.1612276E-4	NaN	NaN	2.1612276E-4
flashes	1	1	2.1612276E-4	NaN	NaN	2.1612276E-4
flat	1	1	2.1612276E-4	NaN	NaN	2.1612276E-4
flecked	1	1	2.1612276E-4	NaN	NaN	2.1612276E-4
flinching	1	1	2.1612276E-4	NaN	NaN	2.1612276E-4
floats	1	1	2.1612276E-4	NaN	NaN	2.1612276E-4
flock	1	1	2.1612276E-4	NaN	NaN	2.1612276E-4
flouts	1	1	2.1612276E-4	NaN	NaN	2.1612276E-4
flower's	1	1	2.1612276E-4	NaN	NaN	2.1612276E-4
flowered	1	1	2.1612276E-4	NaN	NaN	2.1612276E-4
flowers	1	1	2.1612276E-4	NaN	NaN	2.1612276E-4
fluidic	1	1	2.1612276E-4	NaN	NaN	2.1612276E-4
flummery	1	1	2.1612276E-4	NaN	NaN	2.1612276E-4
flutter	1	1	2.1612276E-4	NaN	NaN	2.1612276E-4
foam	1	1	2.1612276E-4	NaN	NaN	2.1612276E-4
focussed	1	1	2.1612276E-4	NaN	NaN	2.1612276E-4
foetal	1	1	2.1612276E-4	NaN	NaN	2.1612276E-4
folded	1	1	2.1612276E-4	NaN	NaN	2.1612276E-4
following	1	1	2.1612276E-4	NaN	NaN	2.1612276E-4
fools	1	1	2.1612276E-4	NaN	NaN	2.1612276E-4
forager's	1	1	2.1612276E-4	NaN	NaN	2.1612276E-4
forbears	1	1	2.1612276E-4	NaN	NaN	2.1612276E-4
forces	1	1	2.1612276E-4	NaN	NaN	2.1612276E-4
forest	1	1	2.1612276E-4	NaN	NaN	2.1612276E-4
forewarns	1	1	2.1612276E-4	NaN	NaN	2.1612276E-4
forge	1	1	2.1612276E-4	NaN	NaN	2.1612276E-4
formed	1	1	2.1612276E-4	NaN	NaN	2.1612276E-4
forms	1	1	2.1612276E-4	NaN	NaN	2.1612276E-4
fortune	1	1	2.1612276E-4	NaN	NaN	2.1612276E-4
fossil	1	1	2.1612276E-4	NaN	NaN	2.1612276E-4
foul	1	1	2.1612276E-4	NaN	NaN	2.1612276E-4
fragrance	1	1	2.1612276E-4	NaN	NaN	2.1612276E-4
frescoe	1	1	2.1612276E-4	NaN	NaN	2.1612276E-4
fresher	1	1	2.1612276E-4	NaN	NaN	2.1612276E-4
fringes	1	1	2.1612276E-4	NaN	NaN	2.1612276E-4
fringing	1	1	2.1612276E-4	NaN	NaN	2.1612276E-4
fro	1	1	2.1612276E-4	NaN	NaN	2.1612276E-4
frozen	1	1	2.1612276E-4	NaN	NaN	2.1612276E-4
fulsome	1	1	2.1612276E-4	NaN	NaN	2.1612276E-4
fundamentally	1	1	2.1612276E-4	NaN	NaN	2.1612276E-4
furnish	1	1	2.1612276E-4	NaN	NaN	2.1612276E-4
furniture	1	1	2.1612276E-4	NaN	NaN	2.1612276E-4
furrowed	1	1	2.1612276E-4	NaN	NaN	2.1612276E-4
gaelic	1	1	2.1612276E-4	NaN	NaN	2.1612276E-4
gaining	1	1	2.1612276E-4	NaN	NaN	2.1612276E-4
gallery	1	1	2.1612276E-4	NaN	NaN	2.1612276E-4
garbage	1	1	2.1612276E-4	NaN	NaN	2.1612276E-4
gargoyles	1	1	2.1612276E-4	NaN	NaN	2.1612276E-4
garner	1	1	2.1612276E-4	NaN	NaN	2.1612276E-4
gauze	1	1	2.1612276E-4	NaN	NaN	2.1612276E-4
gen	1	1	2.1612276E-4	NaN	NaN	2.1612276E-4
gentile	1	1	2.1612276E-4	NaN	NaN	2.1612276E-4
geometric	1	1	2.1612276E-4	NaN	NaN	2.1612276E-4
gesture	1	1	2.1612276E-4	NaN	NaN	2.1612276E-4
gether	1	1	2.1612276E-4	NaN	NaN	2.1612276E-4
ghosts	1	1	2.1612276E-4	NaN	NaN	2.1612276E-4
giant	1	1	2.1612276E-4	NaN	NaN	2.1612276E-4
gilt	1	1	2.1612276E-4	NaN	NaN	2.1612276E-4
giorgio	1	1	2.1612276E-4	NaN	NaN	2.1612276E-4
glance	1	1	2.1612276E-4	NaN	NaN	2.1612276E-4
glances	1	1	2.1612276E-4	NaN	NaN	2.1612276E-4
glasses	1	1	2.1612276E-4	NaN	NaN	2.1612276E-4
glint	1	1	2.1612276E-4	NaN	NaN	2.1612276E-4
glowing	1	1	2.1612276E-4	NaN	NaN	2.1612276E-4
glumes	1	1	2.1612276E-4	NaN	NaN	2.1612276E-4
goaded	1	1	2.1612276E-4	NaN	NaN	2.1612276E-4
goddesses	1	1	2.1612276E-4	NaN	NaN	2.1612276E-4
goes	1	1	2.1612276E-4	NaN	NaN	2.1612276E-4
golden	1	1	2.1612276E-4	NaN	NaN	2.1612276E-4
gong	1	1	2.1612276E-4	NaN	NaN	2.1612276E-4
good	1	1	2.1612276E-4	NaN	NaN	2.1612276E-4
goose's	1	1	2.1612276E-4	NaN	NaN	2.1612276E-4
gorgeous	1	1	2.1612276E-4	NaN	NaN	2.1612276E-4
gradually	1	1	2.1612276E-4	NaN	NaN	2.1612276E-4
grain	1	1	2.1612276E-4	NaN	NaN	2.1612276E-4
grating	1	1	2.1612276E-4	NaN	NaN	2.1612276E-4
grave	1	1	2.1612276E-4	NaN	NaN	2.1612276E-4
gravid	1	1	2.1612276E-4	NaN	NaN	2.1612276E-4
graze	1	1	2.1612276E-4	NaN	NaN	2.1612276E-4
greasy	1	1	2.1612276E-4	NaN	NaN	2.1612276E-4
grimed	1	1	2.1612276E-4	NaN	NaN	2.1612276E-4
ground	1	1	2.1612276E-4	NaN	NaN	2.1612276E-4
grow	1	1	2.1612276E-4	NaN	NaN	2.1612276E-4
growing	1	1	2.1612276E-4	NaN	NaN	2.1612276E-4
growth	1	1	2.1612276E-4	NaN	NaN	2.1612276E-4
gruel	1	1	2.1612276E-4	NaN	NaN	2.1612276E-4
guessed	1	1	2.1612276E-4	NaN	NaN	2.1612276E-4
gurgling	1	1	2.1612276E-4	NaN	NaN	2.1612276E-4
gutteral	1	1	2.1612276E-4	NaN	NaN	2.1612276E-4
gymnastic	1	1	2.1612276E-4	NaN	NaN	2.1612276E-4
hallucinatory	1	1	2.1612276E-4	NaN	NaN	2.1612276E-4
haloed	1	1	2.1612276E-4	NaN	NaN	2.1612276E-4
hand	1	1	2.1612276E-4	NaN	NaN	2.1612276E-4
hangs	1	1	2.1612276E-4	NaN	NaN	2.1612276E-4
hanthem	1	1	2.1612276E-4	NaN	NaN	2.1612276E-4
happy	1	1	2.1612276E-4	NaN	NaN	2.1612276E-4
hard	1	1	2.1612276E-4	NaN	NaN	2.1612276E-4
harlot	1	1	2.1612276E-4	NaN	NaN	2.1612276E-4
harmoniously	1	1	2.1612276E-4	NaN	NaN	2.1612276E-4
harmony	1	1	2.1612276E-4	NaN	NaN	2.1612276E-4
hat	1	1	2.1612276E-4	NaN	NaN	2.1612276E-4
hausfrau	1	1	2.1612276E-4	NaN	NaN	2.1612276E-4
heard	1	1	2.1612276E-4	NaN	NaN	2.1612276E-4
heathen	1	1	2.1612276E-4	NaN	NaN	2.1612276E-4
heaven	1	1	2.1612276E-4	NaN	NaN	2.1612276E-4
hebrew	1	1	2.1612276E-4	NaN	NaN	2.1612276E-4
hedged	1	1	2.1612276E-4	NaN	NaN	2.1612276E-4
hedgerows	1	1	2.1612276E-4	NaN	NaN	2.1612276E-4
helen	1	1	2.1612276E-4	NaN	NaN	2.1612276E-4
hell	1	1	2.1612276E-4	NaN	NaN	2.1612276E-4
hells	1	1	2.1612276E-4	NaN	NaN	2.1612276E-4
hercules	1	1	2.1612276E-4	NaN	NaN	2.1612276E-4
herd	1	1	2.1612276E-4	NaN	NaN	2.1612276E-4
hermetically	1	1	2.1612276E-4	NaN	NaN	2.1612276E-4
hiatuses	1	1	2.1612276E-4	NaN	NaN	2.1612276E-4
hiccoughs	1	1	2.1612276E-4	NaN	NaN	2.1612276E-4
hiding	1	1	2.1612276E-4	NaN	NaN	2.1612276E-4
hips	1	1	2.1612276E-4	NaN	NaN	2.1612276E-4
hitherto	1	1	2.1612276E-4	NaN	NaN	2.1612276E-4
hits	1	1	2.1612276E-4	NaN	NaN	2.1612276E-4
hoarsely	1	1	2.1612276E-4	NaN	NaN	2.1612276E-4
hobby	1	1	2.1612276E-4	NaN	NaN	2.1612276E-4
hole	1	1	2.1612276E-4	NaN	NaN	2.1612276E-4
holiday	1	1	2.1612276E-4	NaN	NaN	2.1612276E-4
home	1	1	2.1612276E-4	NaN	NaN	2.1612276E-4
homophonous	1	1	2.1612276E-4	NaN	NaN	2.1612276E-4
hoofs	1	1	2.1612276E-4	NaN	NaN	2.1612276E-4
hooked	1	1	2.1612276E-4	NaN	NaN	2.1612276E-4
hooking	1	1	2.1612276E-4	NaN	NaN	2.1612276E-4
horizontal	1	1	2.1612276E-4	NaN	NaN	2.1612276E-4
horn	1	1	2.1612276E-4	NaN	NaN	2.1612276E-4
horologe	1	1	2.1612276E-4	NaN	NaN	2.1612276E-4
hot	1	1	2.1612276E-4	NaN	NaN	2.1612276E-4
hotel	1	1	2.1612276E-4	NaN	NaN	2.1612276E-4
hours	1	1	2.1612276E-4	NaN	NaN	2.1612276E-4
house	1	1	2.1612276E-4	NaN	NaN	2.1612276E-4
houseflies	1	1	2.1612276E-4	NaN	NaN	2.1612276E-4
housing	1	1	2.1612276E-4	NaN	NaN	2.1612276E-4
huddled	1	1	2.1612276E-4	NaN	NaN	2.1612276E-4
huffy	1	1	2.1612276E-4	NaN	NaN	2.1612276E-4
hugely	1	1	2.1612276E-4	NaN	NaN	2.1612276E-4
hurricanes	1	1	2.1612276E-4	NaN	NaN	2.1612276E-4
hurry	1	1	2.1612276E-4	NaN	NaN	2.1612276E-4
husband	1	1	2.1612276E-4	NaN	NaN	2.1612276E-4
husbandry	1	1	2.1612276E-4	NaN	NaN	2.1612276E-4
hushed	1	1	2.1612276E-4	NaN	NaN	2.1612276E-4
hyperaesthesia	1	1	2.1612276E-4	NaN	NaN	2.1612276E-4
hypothetical	1	1	2.1612276E-4	NaN	NaN	2.1612276E-4
hysterically	1	1	2.1612276E-4	NaN	NaN	2.1612276E-4
ice	1	1	2.1612276E-4	NaN	NaN	2.1612276E-4
icicled	1	1	2.1612276E-4	NaN	NaN	2.1612276E-4
ideal	1	1	2.1612276E-4	NaN	NaN	2.1612276E-4
ideological	1	1	2.1612276E-4	NaN	NaN	2.1612276E-4
idiom	1	1	2.1612276E-4	NaN	NaN	2.1612276E-4
idiosyncrasy	1	1	2.1612276E-4	NaN	NaN	2.1612276E-4
idiot	1	1	2.1612276E-4	NaN	NaN	2.1612276E-4
ignoramus	1	1	2.1612276E-4	NaN	NaN	2.1612276E-4
ii	1	1	2.1612276E-4	NaN	NaN	2.1612276E-4
iii	1	1	2.1612276E-4	NaN	NaN	2.1612276E-4
ilex	1	1	2.1612276E-4	NaN	NaN	2.1612276E-4
illegal	1	1	2.1612276E-4	NaN	NaN	2.1612276E-4
illuminati	1	1	2.1612276E-4	NaN	NaN	2.1612276E-4
illusory	1	1	2.1612276E-4	NaN	NaN	2.1612276E-4
image	1	1	2.1612276E-4	NaN	NaN	2.1612276E-4
images	1	1	2.1612276E-4	NaN	NaN	2.1612276E-4
imagine	1	1	2.1612276E-4	NaN	NaN	2.1612276E-4
imitation	1	1	2.1612276E-4	NaN	NaN	2.1612276E-4
immaculate	1	1	2.1612276E-4	NaN	NaN	2.1612276E-4
immigrants	1	1	2.1612276E-4	NaN	NaN	2.1612276E-4
immortality	1	1	2.1612276E-4	NaN	NaN	2.1612276E-4
immortelles	1	1	2.1612276E-4	NaN	NaN	2.1612276E-4
immune	1	1	2.1612276E-4	NaN	NaN	2.1612276E-4
impaled	1	1	2.1612276E-4	NaN	NaN	2.1612276E-4
impecca	1	1	2.1612276E-4	NaN	NaN	2.1612276E-4
impenetrable	1	1	2.1612276E-4	NaN	NaN	2.1612276E-4
imperious	1	1	2.1612276E-4	NaN	NaN	2.1612276E-4
impervious	1	1	2.1612276E-4	NaN	NaN	2.1612276E-4
implores	1	1	2.1612276E-4	NaN	NaN	2.1612276E-4
impulses	1	1	2.1612276E-4	NaN	NaN	2.1612276E-4
impurity	1	1	2.1612276E-4	NaN	NaN	2.1612276E-4
inaudible	1	1	2.1612276E-4	NaN	NaN	2.1612276E-4
incandescent	1	1	2.1612276E-4	NaN	NaN	2.1612276E-4
incantation	1	1	2.1612276E-4	NaN	NaN	2.1612276E-4
incautious	1	1	2.1612276E-4	NaN	NaN	2.1612276E-4
incest	1	1	2.1612276E-4	NaN	NaN	2.1612276E-4
incidentally	1	1	2.1612276E-4	NaN	NaN	2.1612276E-4
incipient	1	1	2.1612276E-4	NaN	NaN	2.1612276E-4
incomes	1	1	2.1612276E-4	NaN	NaN	2.1612276E-4
incommensuration	1	1	2.1612276E-4	NaN	NaN	2.1612276E-4
incontemplatable	1	1	2.1612276E-4	NaN	NaN	2.1612276E-4
incontrite	1	1	2.1612276E-4	NaN	NaN	2.1612276E-4
increate	1	1	2.1612276E-4	NaN	NaN	2.1612276E-4
index	1	1	2.1612276E-4	NaN	NaN	2.1612276E-4
indicating	1	1	2.1612276E-4	NaN	NaN	2.1612276E-4
indifferent	1	1	2.1612276E-4	NaN	NaN	2.1612276E-4
indisposed	1	1	2.1612276E-4	NaN	NaN	2.1612276E-4
indivisible	1	1	2.1612276E-4	NaN	NaN	2.1612276E-4
induced	1	1	2.1612276E-4	NaN	NaN	2.1612276E-4
ineffable	1	1	2.1612276E-4	NaN	NaN	2.1612276E-4
inextricably	1	1	2.1612276E-4	NaN	NaN	2.1612276E-4
infection	1	1	2.1612276E-4	NaN	NaN	2.1612276E-4
inferiority	1	1	2.1612276E-4	NaN	NaN	2.1612276E-4
inferred	1	1	2.1612276E-4	NaN	NaN	2.1612276E-4
infinitely	1	1	2.1612276E-4	NaN	NaN	2.1612276E-4
infinitesimal	1	1	2.1612276E-4	NaN	NaN	2.1612276E-4
infinity	1	1	2.1612276E-4	NaN	NaN	2.1612276E-4
information	1	1	2.1612276E-4	NaN	NaN	2.1612276E-4
infusoria	1	1	2.1612276E-4	NaN	NaN	2.1612276E-4
inhibiting	1	1	2.1612276E-4	NaN	NaN	2.1612276E-4
initial	1	1	2.1612276E-4	NaN	NaN	2.1612276E-4
initialed	1	1	2.1612276E-4	NaN	NaN	2.1612276E-4
initiation	1	1	2.1612276E-4	NaN	NaN	2.1612276E-4
innate	1	1	2.1612276E-4	NaN	NaN	2.1612276E-4
inner	1	1	2.1612276E-4	NaN	NaN	2.1612276E-4
innocence	1	1	2.1612276E-4	NaN	NaN	2.1612276E-4
innocent	1	1	2.1612276E-4	NaN	NaN	2.1612276E-4
insects	1	1	2.1612276E-4	NaN	NaN	2.1612276E-4
insensitive	1	1	2.1612276E-4	NaN	NaN	2.1612276E-4
insidious	1	1	2.1612276E-4	NaN	NaN	2.1612276E-4
instinct	1	1	2.1612276E-4	NaN	NaN	2.1612276E-4
insufficiences	1	1	2.1612276E-4	NaN	NaN	2.1612276E-4
insult	1	1	2.1612276E-4	NaN	NaN	2.1612276E-4
intellect	1	1	2.1612276E-4	NaN	NaN	2.1612276E-4
intense	1	1	2.1612276E-4	NaN	NaN	2.1612276E-4
intensifying	1	1	2.1612276E-4	NaN	NaN	2.1612276E-4
intension	1	1	2.1612276E-4	NaN	NaN	2.1612276E-4
interlude	1	1	2.1612276E-4	NaN	NaN	2.1612276E-4
intermediaries	1	1	2.1612276E-4	NaN	NaN	2.1612276E-4
interpolate	1	1	2.1612276E-4	NaN	NaN	2.1612276E-4
interrupted	1	1	2.1612276E-4	NaN	NaN	2.1612276E-4
intimacy	1	1	2.1612276E-4	NaN	NaN	2.1612276E-4
intimate	1	1	2.1612276E-4	NaN	NaN	2.1612276E-4
intrigued	1	1	2.1612276E-4	NaN	NaN	2.1612276E-4
introspection	1	1	2.1612276E-4	NaN	NaN	2.1612276E-4
invalidism	1	1	2.1612276E-4	NaN	NaN	2.1612276E-4
invisible	1	1	2.1612276E-4	NaN	NaN	2.1612276E-4
involves	1	1	2.1612276E-4	NaN	NaN	2.1612276E-4
irate	1	1	2.1612276E-4	NaN	NaN	2.1612276E-4
ireland's	1	1	2.1612276E-4	NaN	NaN	2.1612276E-4
iridescent	1	1	2.1612276E-4	NaN	NaN	2.1612276E-4
irish	1	1	2.1612276E-4	NaN	NaN	2.1612276E-4
ironic	1	1	2.1612276E-4	NaN	NaN	2.1612276E-4
irresponsibility	1	1	2.1612276E-4	NaN	NaN	2.1612276E-4
irridescent	1	1	2.1612276E-4	NaN	NaN	2.1612276E-4
irritation	1	1	2.1612276E-4	NaN	NaN	2.1612276E-4
island	1	1	2.1612276E-4	NaN	NaN	2.1612276E-4
israel's	1	1	2.1612276E-4	NaN	NaN	2.1612276E-4
issuing	1	1	2.1612276E-4	NaN	NaN	2.1612276E-4
italy	1	1	2.1612276E-4	NaN	NaN	2.1612276E-4
iv	1	1	2.1612276E-4	NaN	NaN	2.1612276E-4
ivory	1	1	2.1612276E-4	NaN	NaN	2.1612276E-4
ix	1	1	2.1612276E-4	NaN	NaN	2.1612276E-4
jangling	1	1	2.1612276E-4	NaN	NaN	2.1612276E-4
jazz	1	1	2.1612276E-4	NaN	NaN	2.1612276E-4
jeering	1	1	2.1612276E-4	NaN	NaN	2.1612276E-4
jehovah's	1	1	2.1612276E-4	NaN	NaN	2.1612276E-4
jerk	1	1	2.1612276E-4	NaN	NaN	2.1612276E-4
jerusalem	1	1	2.1612276E-4	NaN	NaN	2.1612276E-4
jew	1	1	2.1612276E-4	NaN	NaN	2.1612276E-4
jewelry	1	1	2.1612276E-4	NaN	NaN	2.1612276E-4
jewesses	1	1	2.1612276E-4	NaN	NaN	2.1612276E-4
jibber	1	1	2.1612276E-4	NaN	NaN	2.1612276E-4
job	1	1	2.1612276E-4	NaN	NaN	2.1612276E-4
joy	1	1	2.1612276E-4	NaN	NaN	2.1612276E-4
joyce	1	1	2.1612276E-4	NaN	NaN	2.1612276E-4
joyce's	1	1	2.1612276E-4	NaN	NaN	2.1612276E-4
juan	1	1	2.1612276E-4	NaN	NaN	2.1612276E-4
judea	1	1	2.1612276E-4	NaN	NaN	2.1612276E-4
judgment	1	1	2.1612276E-4	NaN	NaN	2.1612276E-4
july	1	1	2.1612276E-4	NaN	NaN	2.1612276E-4
jump	1	1	2.1612276E-4	NaN	NaN	2.1612276E-4
junge	1	1	2.1612276E-4	NaN	NaN	2.1612276E-4
just	1	1	2.1612276E-4	NaN	NaN	2.1612276E-4
ken	1	1	2.1612276E-4	NaN	NaN	2.1612276E-4
kettle	1	1	2.1612276E-4	NaN	NaN	2.1612276E-4
kingdom	1	1	2.1612276E-4	NaN	NaN	2.1612276E-4
kittens	1	1	2.1612276E-4	NaN	NaN	2.1612276E-4
knows	1	1	2.1612276E-4	NaN	NaN	2.1612276E-4
kohl	1	1	2.1612276E-4	NaN	NaN	2.1612276E-4
kriegsopfer	1	1	2.1612276E-4	NaN	NaN	2.1612276E-4
laboriously	1	1	2.1612276E-4	NaN	NaN	2.1612276E-4
labyrinths	1	1	2.1612276E-4	NaN	NaN	2.1612276E-4
lack	1	1	2.1612276E-4	NaN	NaN	2.1612276E-4
lamp	1	1	2.1612276E-4	NaN	NaN	2.1612276E-4
lane	1	1	2.1612276E-4	NaN	NaN	2.1612276E-4
language	1	1	2.1612276E-4	NaN	NaN	2.1612276E-4
languages	1	1	2.1612276E-4	NaN	NaN	2.1612276E-4
lantern	1	1	2.1612276E-4	NaN	NaN	2.1612276E-4
large	1	1	2.1612276E-4	NaN	NaN	2.1612276E-4
larger	1	1	2.1612276E-4	NaN	NaN	2.1612276E-4
lascivious	1	1	2.1612276E-4	NaN	NaN	2.1612276E-4
laugh	1	1	2.1612276E-4	NaN	NaN	2.1612276E-4
laws	1	1	2.1612276E-4	NaN	NaN	2.1612276E-4
laying	1	1	2.1612276E-4	NaN	NaN	2.1612276E-4
lays	1	1	2.1612276E-4	NaN	NaN	2.1612276E-4
lead	1	1	2.1612276E-4	NaN	NaN	2.1612276E-4
leans	1	1	2.1612276E-4	NaN	NaN	2.1612276E-4
leap	1	1	2.1612276E-4	NaN	NaN	2.1612276E-4
leaps	1	1	2.1612276E-4	NaN	NaN	2.1612276E-4
leave	1	1	2.1612276E-4	NaN	NaN	2.1612276E-4
leaving	1	1	2.1612276E-4	NaN	NaN	2.1612276E-4
lepers	1	1	2.1612276E-4	NaN	NaN	2.1612276E-4
lethargically	1	1	2.1612276E-4	NaN	NaN	2.1612276E-4
lethe	1	1	2.1612276E-4	NaN	NaN	2.1612276E-4
letting	1	1	2.1612276E-4	NaN	NaN	2.1612276E-4
lewis	1	1	2.1612276E-4	NaN	NaN	2.1612276E-4
libido	1	1	2.1612276E-4	NaN	NaN	2.1612276E-4
licked	1	1	2.1612276E-4	NaN	NaN	2.1612276E-4
licking	1	1	2.1612276E-4	NaN	NaN	2.1612276E-4
lid	1	1	2.1612276E-4	NaN	NaN	2.1612276E-4
lies	1	1	2.1612276E-4	NaN	NaN	2.1612276E-4
lift	1	1	2.1612276E-4	NaN	NaN	2.1612276E-4
lifts	1	1	2.1612276E-4	NaN	NaN	2.1612276E-4
lighted	1	1	2.1612276E-4	NaN	NaN	2.1612276E-4
lighten	1	1	2.1612276E-4	NaN	NaN	2.1612276E-4
lightening	1	1	2.1612276E-4	NaN	NaN	2.1612276E-4
lighting	1	1	2.1612276E-4	NaN	NaN	2.1612276E-4
lightning	1	1	2.1612276E-4	NaN	NaN	2.1612276E-4
lilliput	1	1	2.1612276E-4	NaN	NaN	2.1612276E-4
limbs	1	1	2.1612276E-4	NaN	NaN	2.1612276E-4
linen	1	1	2.1612276E-4	NaN	NaN	2.1612276E-4
lines	1	1	2.1612276E-4	NaN	NaN	2.1612276E-4
lining	1	1	2.1612276E-4	NaN	NaN	2.1612276E-4
links	1	1	2.1612276E-4	NaN	NaN	2.1612276E-4
lips	1	1	2.1612276E-4	NaN	NaN	2.1612276E-4
lipton's	1	1	2.1612276E-4	NaN	NaN	2.1612276E-4
listen	1	1	2.1612276E-4	NaN	NaN	2.1612276E-4
listening	1	1	2.1612276E-4	NaN	NaN	2.1612276E-4
literature	1	1	2.1612276E-4	NaN	NaN	2.1612276E-4
littered	1	1	2.1612276E-4	NaN	NaN	2.1612276E-4
live	1	1	2.1612276E-4	NaN	NaN	2.1612276E-4
lived	1	1	2.1612276E-4	NaN	NaN	2.1612276E-4
livery	1	1	2.1612276E-4	NaN	NaN	2.1612276E-4
loaded	1	1	2.1612276E-4	NaN	NaN	2.1612276E-4
locate	1	1	2.1612276E-4	NaN	NaN	2.1612276E-4
locked	1	1	2.1612276E-4	NaN	NaN	2.1612276E-4
loft	1	1	2.1612276E-4	NaN	NaN	2.1612276E-4
loire	1	1	2.1612276E-4	NaN	NaN	2.1612276E-4
long	1	1	2.1612276E-4	NaN	NaN	2.1612276E-4
looking	1	1	2.1612276E-4	NaN	NaN	2.1612276E-4
looped	1	1	2.1612276E-4	NaN	NaN	2.1612276E-4
lopped	1	1	2.1612276E-4	NaN	NaN	2.1612276E-4
loquent	1	1	2.1612276E-4	NaN	NaN	2.1612276E-4
lost	1	1	2.1612276E-4	NaN	NaN	2.1612276E-4
lot	1	1	2.1612276E-4	NaN	NaN	2.1612276E-4
louvre	1	1	2.1612276E-4	NaN	NaN	2.1612276E-4
lovers	1	1	2.1612276E-4	NaN	NaN	2.1612276E-4
lucifer	1	1	2.1612276E-4	NaN	NaN	2.1612276E-4
luckier	1	1	2.1612276E-4	NaN	NaN	2.1612276E-4
ludicrous	1	1	2.1612276E-4	NaN	NaN	2.1612276E-4
lullabies	1	1	2.1612276E-4	NaN	NaN	2.1612276E-4
luminous	1	1	2.1612276E-4	NaN	NaN	2.1612276E-4
lump	1	1	2.1612276E-4	NaN	NaN	2.1612276E-4
lungs	1	1	2.1612276E-4	NaN	NaN	2.1612276E-4
lust	1	1	2.1612276E-4	NaN	NaN	2.1612276E-4
luster	1	1	2.1612276E-4	NaN	NaN	2.1612276E-4
lusts	1	1	2.1612276E-4	NaN	NaN	2.1612276E-4
lying	1	1	2.1612276E-4	NaN	NaN	2.1612276E-4
lyric	1	1	2.1612276E-4	NaN	NaN	2.1612276E-4
lyrical	1	1	2.1612276E-4	NaN	NaN	2.1612276E-4
mad	1	1	2.1612276E-4	NaN	NaN	2.1612276E-4
mademoiselle	1	1	2.1612276E-4	NaN	NaN	2.1612276E-4
magasins	1	1	2.1612276E-4	NaN	NaN	2.1612276E-4
magically	1	1	2.1612276E-4	NaN	NaN	2.1612276E-4
magician	1	1	2.1612276E-4	NaN	NaN	2.1612276E-4
maiden	1	1	2.1612276E-4	NaN	NaN	2.1612276E-4
maidenhead	1	1	2.1612276E-4	NaN	NaN	2.1612276E-4
maimed	1	1	2.1612276E-4	NaN	NaN	2.1612276E-4
malediction	1	1	2.1612276E-4	NaN	NaN	2.1612276E-4
malefic	1	1	2.1612276E-4	NaN	NaN	2.1612276E-4
manly	1	1	2.1612276E-4	NaN	NaN	2.1612276E-4
marching	1	1	2.1612276E-4	NaN	NaN	2.1612276E-4
marry	1	1	2.1612276E-4	NaN	NaN	2.1612276E-4
martyrdom	1	1	2.1612276E-4	NaN	NaN	2.1612276E-4
mary	1	1	2.1612276E-4	NaN	NaN	2.1612276E-4
masculine	1	1	2.1612276E-4	NaN	NaN	2.1612276E-4
masquerade	1	1	2.1612276E-4	NaN	NaN	2.1612276E-4
mating	1	1	2.1612276E-4	NaN	NaN	2.1612276E-4
matrons	1	1	2.1612276E-4	NaN	NaN	2.1612276E-4
maturer	1	1	2.1612276E-4	NaN	NaN	2.1612276E-4
means	1	1	2.1612276E-4	NaN	NaN	2.1612276E-4
meddled	1	1	2.1612276E-4	NaN	NaN	2.1612276E-4
melt	1	1	2.1612276E-4	NaN	NaN	2.1612276E-4
membrane	1	1	2.1612276E-4	NaN	NaN	2.1612276E-4
mercurial	1	1	2.1612276E-4	NaN	NaN	2.1612276E-4
messiness	1	1	2.1612276E-4	NaN	NaN	2.1612276E-4
met	1	1	2.1612276E-4	NaN	NaN	2.1612276E-4
metal	1	1	2.1612276E-4	NaN	NaN	2.1612276E-4
metaphysical	1	1	2.1612276E-4	NaN	NaN	2.1612276E-4
meteoric	1	1	2.1612276E-4	NaN	NaN	2.1612276E-4
mezzanino	1	1	2.1612276E-4	NaN	NaN	2.1612276E-4
middle	1	1	2.1612276E-4	NaN	NaN	2.1612276E-4
midnight	1	1	2.1612276E-4	NaN	NaN	2.1612276E-4
mildews	1	1	2.1612276E-4	NaN	NaN	2.1612276E-4
mimicry	1	1	2.1612276E-4	NaN	NaN	2.1612276E-4
mingle	1	1	2.1612276E-4	NaN	NaN	2.1612276E-4
miniken	1	1	2.1612276E-4	NaN	NaN	2.1612276E-4
mirror	1	1	2.1612276E-4	NaN	NaN	2.1612276E-4
miscalculate	1	1	2.1612276E-4	NaN	NaN	2.1612276E-4
mist	1	1	2.1612276E-4	NaN	NaN	2.1612276E-4
mistress's	1	1	2.1612276E-4	NaN	NaN	2.1612276E-4
mistresses	1	1	2.1612276E-4	NaN	NaN	2.1612276E-4
mockeries	1	1	2.1612276E-4	NaN	NaN	2.1612276E-4
model	1	1	2.1612276E-4	NaN	NaN	2.1612276E-4
modified	1	1	2.1612276E-4	NaN	NaN	2.1612276E-4
moisture	1	1	2.1612276E-4	NaN	NaN	2.1612276E-4
molasses	1	1	2.1612276E-4	NaN	NaN	2.1612276E-4
moments	1	1	2.1612276E-4	NaN	NaN	2.1612276E-4
money	1	1	2.1612276E-4	NaN	NaN	2.1612276E-4
monopoly	1	1	2.1612276E-4	NaN	NaN	2.1612276E-4
month	1	1	2.1612276E-4	NaN	NaN	2.1612276E-4
moons	1	1	2.1612276E-4	NaN	NaN	2.1612276E-4
morale	1	1	2.1612276E-4	NaN	NaN	2.1612276E-4
moribund	1	1	2.1612276E-4	NaN	NaN	2.1612276E-4
mortis	1	1	2.1612276E-4	NaN	NaN	2.1612276E-4
mosaic	1	1	2.1612276E-4	NaN	NaN	2.1612276E-4
moth	1	1	2.1612276E-4	NaN	NaN	2.1612276E-4
motion	1	1	2.1612276E-4	NaN	NaN	2.1612276E-4
mountains	1	1	2.1612276E-4	NaN	NaN	2.1612276E-4
mouths	1	1	2.1612276E-4	NaN	NaN	2.1612276E-4
movements	1	1	2.1612276E-4	NaN	NaN	2.1612276E-4
moves	1	1	2.1612276E-4	NaN	NaN	2.1612276E-4
mucous	1	1	2.1612276E-4	NaN	NaN	2.1612276E-4
muscles	1	1	2.1612276E-4	NaN	NaN	2.1612276E-4
museums	1	1	2.1612276E-4	NaN	NaN	2.1612276E-4
musics	1	1	2.1612276E-4	NaN	NaN	2.1612276E-4
myopic	1	1	2.1612276E-4	NaN	NaN	2.1612276E-4
mystery	1	1	2.1612276E-4	NaN	NaN	2.1612276E-4
naked	1	1	2.1612276E-4	NaN	NaN	2.1612276E-4
neck	1	1	2.1612276E-4	NaN	NaN	2.1612276E-4
necropolis	1	1	2.1612276E-4	NaN	NaN	2.1612276E-4
needles	1	1	2.1612276E-4	NaN	NaN	2.1612276E-4
negation	1	1	2.1612276E-4	NaN	NaN	2.1612276E-4
negations	1	1	2.1612276E-4	NaN	NaN	2.1612276E-4
negative	1	1	2.1612276E-4	NaN	NaN	2.1612276E-4
negligible	1	1	2.1612276E-4	NaN	NaN	2.1612276E-4
neighbour's	1	1	2.1612276E-4	NaN	NaN	2.1612276E-4
nerve	1	1	2.1612276E-4	NaN	NaN	2.1612276E-4
nervy	1	1	2.1612276E-4	NaN	NaN	2.1612276E-4
news	1	1	2.1612276E-4	NaN	NaN	2.1612276E-4
nice	1	1	2.1612276E-4	NaN	NaN	2.1612276E-4
nightingales	1	1	2.1612276E-4	NaN	NaN	2.1612276E-4
nightmares	1	1	2.1612276E-4	NaN	NaN	2.1612276E-4
nights	1	1	2.1612276E-4	NaN	NaN	2.1612276E-4
nirvanic	1	1	2.1612276E-4	NaN	NaN	2.1612276E-4
noises	1	1	2.1612276E-4	NaN	NaN	2.1612276E-4
nonentity	1	1	2.1612276E-4	NaN	NaN	2.1612276E-4
noon	1	1	2.1612276E-4	NaN	NaN	2.1612276E-4
noonday	1	1	2.1612276E-4	NaN	NaN	2.1612276E-4
normal	1	1	2.1612276E-4	NaN	NaN	2.1612276E-4
northern	1	1	2.1612276E-4	NaN	NaN	2.1612276E-4
nostalgia	1	1	2.1612276E-4	NaN	NaN	2.1612276E-4
nostalgic	1	1	2.1612276E-4	NaN	NaN	2.1612276E-4
nostrils	1	1	2.1612276E-4	NaN	NaN	2.1612276E-4
notion	1	1	2.1612276E-4	NaN	NaN	2.1612276E-4
novels	1	1	2.1612276E-4	NaN	NaN	2.1612276E-4
nozzling	1	1	2.1612276E-4	NaN	NaN	2.1612276E-4
numeral	1	1	2.1612276E-4	NaN	NaN	2.1612276E-4
nun	1	1	2.1612276E-4	NaN	NaN	2.1612276E-4
nursery	1	1	2.1612276E-4	NaN	NaN	2.1612276E-4
oasis	1	1	2.1612276E-4	NaN	NaN	2.1612276E-4
oats	1	1	2.1612276E-4	NaN	NaN	2.1612276E-4
objective	1	1	2.1612276E-4	NaN	NaN	2.1612276E-4
observe	1	1	2.1612276E-4	NaN	NaN	2.1612276E-4
obsolete	1	1	2.1612276E-4	NaN	NaN	2.1612276E-4
obstacle	1	1	2.1612276E-4	NaN	NaN	2.1612276E-4
occasional	1	1	2.1612276E-4	NaN	NaN	2.1612276E-4
occident	1	1	2.1612276E-4	NaN	NaN	2.1612276E-4
occupation	1	1	2.1612276E-4	NaN	NaN	2.1612276E-4
occurs	1	1	2.1612276E-4	NaN	NaN	2.1612276E-4
ocean	1	1	2.1612276E-4	NaN	NaN	2.1612276E-4
oceans	1	1	2.1612276E-4	NaN	NaN	2.1612276E-4
odalisques	1	1	2.1612276E-4	NaN	NaN	2.1612276E-4
odious	1	1	2.1612276E-4	NaN	NaN	2.1612276E-4
odors	1	1	2.1612276E-4	NaN	NaN	2.1612276E-4
odour	1	1	2.1612276E-4	NaN	NaN	2.1612276E-4
offal	1	1	2.1612276E-4	NaN	NaN	2.1612276E-4
offering	1	1	2.1612276E-4	NaN	NaN	2.1612276E-4
oil	1	1	2.1612276E-4	NaN	NaN	2.1612276E-4
olympian	1	1	2.1612276E-4	NaN	NaN	2.1612276E-4
omega	1	1	2.1612276E-4	NaN	NaN	2.1612276E-4
onion	1	1	2.1612276E-4	NaN	NaN	2.1612276E-4
onyx	1	1	2.1612276E-4	NaN	NaN	2.1612276E-4
opposing	1	1	2.1612276E-4	NaN	NaN	2.1612276E-4
opposite	1	1	2.1612276E-4	NaN	NaN	2.1612276E-4
opposition	1	1	2.1612276E-4	NaN	NaN	2.1612276E-4
oranges	1	1	2.1612276E-4	NaN	NaN	2.1612276E-4
orchestra	1	1	2.1612276E-4	NaN	NaN	2.1612276E-4
organ	1	1	2.1612276E-4	NaN	NaN	2.1612276E-4
organism	1	1	2.1612276E-4	NaN	NaN	2.1612276E-4
orient	1	1	2.1612276E-4	NaN	NaN	2.1612276E-4
oriental	1	1	2.1612276E-4	NaN	NaN	2.1612276E-4
orientation	1	1	2.1612276E-4	NaN	NaN	2.1612276E-4
ornithologists	1	1	2.1612276E-4	NaN	NaN	2.1612276E-4
osiris	1	1	2.1612276E-4	NaN	NaN	2.1612276E-4
ostracized	1	1	2.1612276E-4	NaN	NaN	2.1612276E-4
other's	1	1	2.1612276E-4	NaN	NaN	2.1612276E-4
oust	1	1	2.1612276E-4	NaN	NaN	2.1612276E-4
outer	1	1	2.1612276E-4	NaN	NaN	2.1612276E-4
oval	1	1	2.1612276E-4	NaN	NaN	2.1612276E-4
overhead	1	1	2.1612276E-4	NaN	NaN	2.1612276E-4
oxidized	1	1	2.1612276E-4	NaN	NaN	2.1612276E-4
packed	1	1	2.1612276E-4	NaN	NaN	2.1612276E-4
padded	1	1	2.1612276E-4	NaN	NaN	2.1612276E-4
padding	1	1	2.1612276E-4	NaN	NaN	2.1612276E-4
painter	1	1	2.1612276E-4	NaN	NaN	2.1612276E-4
pandemoniums	1	1	2.1612276E-4	NaN	NaN	2.1612276E-4
pantomime	1	1	2.1612276E-4	NaN	NaN	2.1612276E-4
paradox	1	1	2.1612276E-4	NaN	NaN	2.1612276E-4
paralysis	1	1	2.1612276E-4	NaN	NaN	2.1612276E-4
parent	1	1	2.1612276E-4	NaN	NaN	2.1612276E-4
parents	1	1	2.1612276E-4	NaN	NaN	2.1612276E-4
parted	1	1	2.1612276E-4	NaN	NaN	2.1612276E-4
parturition	1	1	2.1612276E-4	NaN	NaN	2.1612276E-4
parvenues	1	1	2.1612276E-4	NaN	NaN	2.1612276E-4
pass	1	1	2.1612276E-4	NaN	NaN	2.1612276E-4
passion	1	1	2.1612276E-4	NaN	NaN	2.1612276E-4
passions	1	1	2.1612276E-4	NaN	NaN	2.1612276E-4
pastimes	1	1	2.1612276E-4	NaN	NaN	2.1612276E-4
pastures	1	1	2.1612276E-4	NaN	NaN	2.1612276E-4
patches	1	1	2.1612276E-4	NaN	NaN	2.1612276E-4
patient	1	1	2.1612276E-4	NaN	NaN	2.1612276E-4
pattern	1	1	2.1612276E-4	NaN	NaN	2.1612276E-4
pavements	1	1	2.1612276E-4	NaN	NaN	2.1612276E-4
pearl	1	1	2.1612276E-4	NaN	NaN	2.1612276E-4
pearly	1	1	2.1612276E-4	NaN	NaN	2.1612276E-4
peasant	1	1	2.1612276E-4	NaN	NaN	2.1612276E-4
peerless	1	1	2.1612276E-4	NaN	NaN	2.1612276E-4
pendulence	1	1	2.1612276E-4	NaN	NaN	2.1612276E-4
penetralia	1	1	2.1612276E-4	NaN	NaN	2.1612276E-4
percentages	1	1	2.1612276E-4	NaN	NaN	2.1612276E-4
perceptible	1	1	2.1612276E-4	NaN	NaN	2.1612276E-4
perched	1	1	2.1612276E-4	NaN	NaN	2.1612276E-4
perfect	1	1	2.1612276E-4	NaN	NaN	2.1612276E-4
perform	1	1	2.1612276E-4	NaN	NaN	2.1612276E-4
perfumes	1	1	2.1612276E-4	NaN	NaN	2.1612276E-4
peris	1	1	2.1612276E-4	NaN	NaN	2.1612276E-4
permissible	1	1	2.1612276E-4	NaN	NaN	2.1612276E-4
permit	1	1	2.1612276E-4	NaN	NaN	2.1612276E-4
perpendicular	1	1	2.1612276E-4	NaN	NaN	2.1612276E-4
perruque	1	1	2.1612276E-4	NaN	NaN	2.1612276E-4
person	1	1	2.1612276E-4	NaN	NaN	2.1612276E-4
personification	1	1	2.1612276E-4	NaN	NaN	2.1612276E-4
perturbing	1	1	2.1612276E-4	NaN	NaN	2.1612276E-4
peruses	1	1	2.1612276E-4	NaN	NaN	2.1612276E-4
petalling	1	1	2.1612276E-4	NaN	NaN	2.1612276E-4
petty	1	1	2.1612276E-4	NaN	NaN	2.1612276E-4
phallus	1	1	2.1612276E-4	NaN	NaN	2.1612276E-4
pharoah's	1	1	2.1612276E-4	NaN	NaN	2.1612276E-4
phenomenon	1	1	2.1612276E-4	NaN	NaN	2.1612276E-4
phoenix	1	1	2.1612276E-4	NaN	NaN	2.1612276E-4
phosphorous	1	1	2.1612276E-4	NaN	NaN	2.1612276E-4
physical	1	1	2.1612276E-4	NaN	NaN	2.1612276E-4
physiological	1	1	2.1612276E-4	NaN	NaN	2.1612276E-4
pictures	1	1	2.1612276E-4	NaN	NaN	2.1612276E-4
pierce	1	1	2.1612276E-4	NaN	NaN	2.1612276E-4
pig	1	1	2.1612276E-4	NaN	NaN	2.1612276E-4
pigeons	1	1	2.1612276E-4	NaN	NaN	2.1612276E-4
pigmy	1	1	2.1612276E-4	NaN	NaN	2.1612276E-4
pile	1	1	2.1612276E-4	NaN	NaN	2.1612276E-4
pilgrimage	1	1	2.1612276E-4	NaN	NaN	2.1612276E-4
pillars	1	1	2.1612276E-4	NaN	NaN	2.1612276E-4
pillow	1	1	2.1612276E-4	NaN	NaN	2.1612276E-4
pine	1	1	2.1612276E-4	NaN	NaN	2.1612276E-4
pinpoint	1	1	2.1612276E-4	NaN	NaN	2.1612276E-4
pity	1	1	2.1612276E-4	NaN	NaN	2.1612276E-4
places	1	1	2.1612276E-4	NaN	NaN	2.1612276E-4
plagiarism	1	1	2.1612276E-4	NaN	NaN	2.1612276E-4
planet	1	1	2.1612276E-4	NaN	NaN	2.1612276E-4
plank	1	1	2.1612276E-4	NaN	NaN	2.1612276E-4
plant	1	1	2.1612276E-4	NaN	NaN	2.1612276E-4
platform	1	1	2.1612276E-4	NaN	NaN	2.1612276E-4
plausible	1	1	2.1612276E-4	NaN	NaN	2.1612276E-4
pleasant	1	1	2.1612276E-4	NaN	NaN	2.1612276E-4
pledges	1	1	2.1612276E-4	NaN	NaN	2.1612276E-4
pliant	1	1	2.1612276E-4	NaN	NaN	2.1612276E-4
ploughs	1	1	2.1612276E-4	NaN	NaN	2.1612276E-4
pocked	1	1	2.1612276E-4	NaN	NaN	2.1612276E-4
pocket	1	1	2.1612276E-4	NaN	NaN	2.1612276E-4
poe	1	1	2.1612276E-4	NaN	NaN	2.1612276E-4
poesy	1	1	2.1612276E-4	NaN	NaN	2.1612276E-4
pointillism	1	1	2.1612276E-4	NaN	NaN	2.1612276E-4
poles	1	1	2.1612276E-4	NaN	NaN	2.1612276E-4
politic	1	1	2.1612276E-4	NaN	NaN	2.1612276E-4
poor	1	1	2.1612276E-4	NaN	NaN	2.1612276E-4
poplars	1	1	2.1612276E-4	NaN	NaN	2.1612276E-4
populous	1	1	2.1612276E-4	NaN	NaN	2.1612276E-4
pornographist	1	1	2.1612276E-4	NaN	NaN	2.1612276E-4
porta	1	1	2.1612276E-4	NaN	NaN	2.1612276E-4
porte	1	1	2.1612276E-4	NaN	NaN	2.1612276E-4
portrait	1	1	2.1612276E-4	NaN	NaN	2.1612276E-4
positive	1	1	2.1612276E-4	NaN	NaN	2.1612276E-4
possessed	1	1	2.1612276E-4	NaN	NaN	2.1612276E-4
possession	1	1	2.1612276E-4	NaN	NaN	2.1612276E-4
post	1	1	2.1612276E-4	NaN	NaN	2.1612276E-4
posthumous	1	1	2.1612276E-4	NaN	NaN	2.1612276E-4
pot	1	1	2.1612276E-4	NaN	NaN	2.1612276E-4
potentiality	1	1	2.1612276E-4	NaN	NaN	2.1612276E-4
pourri	1	1	2.1612276E-4	NaN	NaN	2.1612276E-4
poverty	1	1	2.1612276E-4	NaN	NaN	2.1612276E-4
practitioner	1	1	2.1612276E-4	NaN	NaN	2.1612276E-4
precipitate	1	1	2.1612276E-4	NaN	NaN	2.1612276E-4
precipitating	1	1	2.1612276E-4	NaN	NaN	2.1612276E-4
prenatal	1	1	2.1612276E-4	NaN	NaN	2.1612276E-4
prepare	1	1	2.1612276E-4	NaN	NaN	2.1612276E-4
present	1	1	2.1612276E-4	NaN	NaN	2.1612276E-4
presented	1	1	2.1612276E-4	NaN	NaN	2.1612276E-4
preserve	1	1	2.1612276E-4	NaN	NaN	2.1612276E-4
pressing	1	1	2.1612276E-4	NaN	NaN	2.1612276E-4
pretentions	1	1	2.1612276E-4	NaN	NaN	2.1612276E-4
prettily	1	1	2.1612276E-4	NaN	NaN	2.1612276E-4
price	1	1	2.1612276E-4	NaN	NaN	2.1612276E-4
pricked	1	1	2.1612276E-4	NaN	NaN	2.1612276E-4
prim	1	1	2.1612276E-4	NaN	NaN	2.1612276E-4
primeval	1	1	2.1612276E-4	NaN	NaN	2.1612276E-4
primordial	1	1	2.1612276E-4	NaN	NaN	2.1612276E-4
principles	1	1	2.1612276E-4	NaN	NaN	2.1612276E-4
print	1	1	2.1612276E-4	NaN	NaN	2.1612276E-4
printed	1	1	2.1612276E-4	NaN	NaN	2.1612276E-4
probably	1	1	2.1612276E-4	NaN	NaN	2.1612276E-4
probes	1	1	2.1612276E-4	NaN	NaN	2.1612276E-4
processes	1	1	2.1612276E-4	NaN	NaN	2.1612276E-4
produce	1	1	2.1612276E-4	NaN	NaN	2.1612276E-4
production	1	1	2.1612276E-4	NaN	NaN	2.1612276E-4
profane	1	1	2.1612276E-4	NaN	NaN	2.1612276E-4
profound	1	1	2.1612276E-4	NaN	NaN	2.1612276E-4
projectile	1	1	2.1612276E-4	NaN	NaN	2.1612276E-4
projecting	1	1	2.1612276E-4	NaN	NaN	2.1612276E-4
prolonging	1	1	2.1612276E-4	NaN	NaN	2.1612276E-4
promiscuous	1	1	2.1612276E-4	NaN	NaN	2.1612276E-4
prongs	1	1	2.1612276E-4	NaN	NaN	2.1612276E-4
prophetically	1	1	2.1612276E-4	NaN	NaN	2.1612276E-4
propped	1	1	2.1612276E-4	NaN	NaN	2.1612276E-4
prose	1	1	2.1612276E-4	NaN	NaN	2.1612276E-4
proverbs	1	1	2.1612276E-4	NaN	NaN	2.1612276E-4
pruderies	1	1	2.1612276E-4	NaN	NaN	2.1612276E-4
pruned	1	1	2.1612276E-4	NaN	NaN	2.1612276E-4
public	1	1	2.1612276E-4	NaN	NaN	2.1612276E-4
puffs	1	1	2.1612276E-4	NaN	NaN	2.1612276E-4
puffy	1	1	2.1612276E-4	NaN	NaN	2.1612276E-4
pulley	1	1	2.1612276E-4	NaN	NaN	2.1612276E-4
pulls	1	1	2.1612276E-4	NaN	NaN	2.1612276E-4
pulverous	1	1	2.1612276E-4	NaN	NaN	2.1612276E-4
punch	1	1	2.1612276E-4	NaN	NaN	2.1612276E-4
puncture	1	1	2.1612276E-4	NaN	NaN	2.1612276E-4
purity	1	1	2.1612276E-4	NaN	NaN	2.1612276E-4
purposeless	1	1	2.1612276E-4	NaN	NaN	2.1612276E-4
purring	1	1	2.1612276E-4	NaN	NaN	2.1612276E-4
pursued	1	1	2.1612276E-4	NaN	NaN	2.1612276E-4
putrefaction	1	1	2.1612276E-4	NaN	NaN	2.1612276E-4
pyramidical	1	1	2.1612276E-4	NaN	NaN	2.1612276E-4
quadrate	1	1	2.1612276E-4	NaN	NaN	2.1612276E-4
qualities	1	1	2.1612276E-4	NaN	NaN	2.1612276E-4
quality	1	1	2.1612276E-4	NaN	NaN	2.1612276E-4
quantity	1	1	2.1612276E-4	NaN	NaN	2.1612276E-4
quickly	1	1	2.1612276E-4	NaN	NaN	2.1612276E-4
quite	1	1	2.1612276E-4	NaN	NaN	2.1612276E-4
quiver	1	1	2.1612276E-4	NaN	NaN	2.1612276E-4
rabid	1	1	2.1612276E-4	NaN	NaN	2.1612276E-4
races	1	1	2.1612276E-4	NaN	NaN	2.1612276E-4
racing	1	1	2.1612276E-4	NaN	NaN	2.1612276E-4
radiance	1	1	2.1612276E-4	NaN	NaN	2.1612276E-4
rainbow	1	1	2.1612276E-4	NaN	NaN	2.1612276E-4
raised	1	1	2.1612276E-4	NaN	NaN	2.1612276E-4
rascal's	1	1	2.1612276E-4	NaN	NaN	2.1612276E-4
rattling	1	1	2.1612276E-4	NaN	NaN	2.1612276E-4
raw	1	1	2.1612276E-4	NaN	NaN	2.1612276E-4
rays	1	1	2.1612276E-4	NaN	NaN	2.1612276E-4
reach	1	1	2.1612276E-4	NaN	NaN	2.1612276E-4
reaching	1	1	2.1612276E-4	NaN	NaN	2.1612276E-4
realization	1	1	2.1612276E-4	NaN	NaN	2.1612276E-4
reap	1	1	2.1612276E-4	NaN	NaN	2.1612276E-4
reasoned	1	1	2.1612276E-4	NaN	NaN	2.1612276E-4
recreator	1	1	2.1612276E-4	NaN	NaN	2.1612276E-4
reduction	1	1	2.1612276E-4	NaN	NaN	2.1612276E-4
reflections	1	1	2.1612276E-4	NaN	NaN	2.1612276E-4
reflector	1	1	2.1612276E-4	NaN	NaN	2.1612276E-4
regions	1	1	2.1612276E-4	NaN	NaN	2.1612276E-4
regular	1	1	2.1612276E-4	NaN	NaN	2.1612276E-4
reinforcing	1	1	2.1612276E-4	NaN	NaN	2.1612276E-4
rejector	1	1	2.1612276E-4	NaN	NaN	2.1612276E-4
relax	1	1	2.1612276E-4	NaN	NaN	2.1612276E-4
relaxation	1	1	2.1612276E-4	NaN	NaN	2.1612276E-4
religions	1	1	2.1612276E-4	NaN	NaN	2.1612276E-4
remaining	1	1	2.1612276E-4	NaN	NaN	2.1612276E-4
remind	1	1	2.1612276E-4	NaN	NaN	2.1612276E-4
rendered	1	1	2.1612276E-4	NaN	NaN	2.1612276E-4
reparations	1	1	2.1612276E-4	NaN	NaN	2.1612276E-4
repels	1	1	2.1612276E-4	NaN	NaN	2.1612276E-4
repetition	1	1	2.1612276E-4	NaN	NaN	2.1612276E-4
repose	1	1	2.1612276E-4	NaN	NaN	2.1612276E-4
reproductivity	1	1	2.1612276E-4	NaN	NaN	2.1612276E-4
residuum	1	1	2.1612276E-4	NaN	NaN	2.1612276E-4
respectable	1	1	2.1612276E-4	NaN	NaN	2.1612276E-4
rest	1	1	2.1612276E-4	NaN	NaN	2.1612276E-4
reticence	1	1	2.1612276E-4	NaN	NaN	2.1612276E-4
retinal	1	1	2.1612276E-4	NaN	NaN	2.1612276E-4
reverse	1	1	2.1612276E-4	NaN	NaN	2.1612276E-4
revival	1	1	2.1612276E-4	NaN	NaN	2.1612276E-4
revolving	1	1	2.1612276E-4	NaN	NaN	2.1612276E-4
rhythm	1	1	2.1612276E-4	NaN	NaN	2.1612276E-4
ridden	1	1	2.1612276E-4	NaN	NaN	2.1612276E-4
rider	1	1	2.1612276E-4	NaN	NaN	2.1612276E-4
rigor	1	1	2.1612276E-4	NaN	NaN	2.1612276E-4
ringling's	1	1	2.1612276E-4	NaN	NaN	2.1612276E-4
rites	1	1	2.1612276E-4	NaN	NaN	2.1612276E-4
rivers	1	1	2.1612276E-4	NaN	NaN	2.1612276E-4
roars	1	1	2.1612276E-4	NaN	NaN	2.1612276E-4
robustly	1	1	2.1612276E-4	NaN	NaN	2.1612276E-4
rocket	1	1	2.1612276E-4	NaN	NaN	2.1612276E-4
rocks	1	1	2.1612276E-4	NaN	NaN	2.1612276E-4
rolling	1	1	2.1612276E-4	NaN	NaN	2.1612276E-4
roofs	1	1	2.1612276E-4	NaN	NaN	2.1612276E-4
room	1	1	2.1612276E-4	NaN	NaN	2.1612276E-4
rooting	1	1	2.1612276E-4	NaN	NaN	2.1612276E-4
roots	1	1	2.1612276E-4	NaN	NaN	2.1612276E-4
rosa	1	1	2.1612276E-4	NaN	NaN	2.1612276E-4
roseal	1	1	2.1612276E-4	NaN	NaN	2.1612276E-4
roses	1	1	2.1612276E-4	NaN	NaN	2.1612276E-4
rosette	1	1	2.1612276E-4	NaN	NaN	2.1612276E-4
rosily	1	1	2.1612276E-4	NaN	NaN	2.1612276E-4
rosy	1	1	2.1612276E-4	NaN	NaN	2.1612276E-4
rotten	1	1	2.1612276E-4	NaN	NaN	2.1612276E-4
ruff	1	1	2.1612276E-4	NaN	NaN	2.1612276E-4
rump	1	1	2.1612276E-4	NaN	NaN	2.1612276E-4
run	1	1	2.1612276E-4	NaN	NaN	2.1612276E-4
rushing	1	1	2.1612276E-4	NaN	NaN	2.1612276E-4
rut	1	1	2.1612276E-4	NaN	NaN	2.1612276E-4
sacerdotal	1	1	2.1612276E-4	NaN	NaN	2.1612276E-4
sadistic	1	1	2.1612276E-4	NaN	NaN	2.1612276E-4
sahara	1	1	2.1612276E-4	NaN	NaN	2.1612276E-4
salads	1	1	2.1612276E-4	NaN	NaN	2.1612276E-4
saliva	1	1	2.1612276E-4	NaN	NaN	2.1612276E-4
salutes	1	1	2.1612276E-4	NaN	NaN	2.1612276E-4
san	1	1	2.1612276E-4	NaN	NaN	2.1612276E-4
sanctity	1	1	2.1612276E-4	NaN	NaN	2.1612276E-4
sanguine	1	1	2.1612276E-4	NaN	NaN	2.1612276E-4
sanity	1	1	2.1612276E-4	NaN	NaN	2.1612276E-4
sarsenet	1	1	2.1612276E-4	NaN	NaN	2.1612276E-4
satinize	1	1	2.1612276E-4	NaN	NaN	2.1612276E-4
satirical	1	1	2.1612276E-4	NaN	NaN	2.1612276E-4
satisfaction	1	1	2.1612276E-4	NaN	NaN	2.1612276E-4
saucer	1	1	2.1612276E-4	NaN	NaN	2.1612276E-4
savor	1	1	2.1612276E-4	NaN	NaN	2.1612276E-4
saxon	1	1	2.1612276E-4	NaN	NaN	2.1612276E-4
says	1	1	2.1612276E-4	NaN	NaN	2.1612276E-4
scarcely	1	1	2.1612276E-4	NaN	NaN	2.1612276E-4
scarlet	1	1	2.1612276E-4	NaN	NaN	2.1612276E-4
scattered	1	1	2.1612276E-4	NaN	NaN	2.1612276E-4
scioned	1	1	2.1612276E-4	NaN	NaN	2.1612276E-4
scourging	1	1	2.1612276E-4	NaN	NaN	2.1612276E-4
scowls	1	1	2.1612276E-4	NaN	NaN	2.1612276E-4
scrutinized	1	1	2.1612276E-4	NaN	NaN	2.1612276E-4
sculpture	1	1	2.1612276E-4	NaN	NaN	2.1612276E-4
scum	1	1	2.1612276E-4	NaN	NaN	2.1612276E-4
scythe	1	1	2.1612276E-4	NaN	NaN	2.1612276E-4
secessionist	1	1	2.1612276E-4	NaN	NaN	2.1612276E-4
secrets	1	1	2.1612276E-4	NaN	NaN	2.1612276E-4
seduce	1	1	2.1612276E-4	NaN	NaN	2.1612276E-4
seek	1	1	2.1612276E-4	NaN	NaN	2.1612276E-4
seemly	1	1	2.1612276E-4	NaN	NaN	2.1612276E-4
seen	1	1	2.1612276E-4	NaN	NaN	2.1612276E-4
selection	1	1	2.1612276E-4	NaN	NaN	2.1612276E-4
sensation	1	1	2.1612276E-4	NaN	NaN	2.1612276E-4
sensitive	1	1	2.1612276E-4	NaN	NaN	2.1612276E-4
sensitized	1	1	2.1612276E-4	NaN	NaN	2.1612276E-4
sentience	1	1	2.1612276E-4	NaN	NaN	2.1612276E-4
serene	1	1	2.1612276E-4	NaN	NaN	2.1612276E-4
serves	1	1	2.1612276E-4	NaN	NaN	2.1612276E-4
service	1	1	2.1612276E-4	NaN	NaN	2.1612276E-4
sets	1	1	2.1612276E-4	NaN	NaN	2.1612276E-4
setting	1	1	2.1612276E-4	NaN	NaN	2.1612276E-4
seven	1	1	2.1612276E-4	NaN	NaN	2.1612276E-4
sex	1	1	2.1612276E-4	NaN	NaN	2.1612276E-4
sexual	1	1	2.1612276E-4	NaN	NaN	2.1612276E-4
shade	1	1	2.1612276E-4	NaN	NaN	2.1612276E-4
shaft	1	1	2.1612276E-4	NaN	NaN	2.1612276E-4
sham	1	1	2.1612276E-4	NaN	NaN	2.1612276E-4
shattered	1	1	2.1612276E-4	NaN	NaN	2.1612276E-4
shaving	1	1	2.1612276E-4	NaN	NaN	2.1612276E-4
shavings	1	1	2.1612276E-4	NaN	NaN	2.1612276E-4
shedding	1	1	2.1612276E-4	NaN	NaN	2.1612276E-4
shelves	1	1	2.1612276E-4	NaN	NaN	2.1612276E-4
shielding	1	1	2.1612276E-4	NaN	NaN	2.1612276E-4
shift	1	1	2.1612276E-4	NaN	NaN	2.1612276E-4
shines	1	1	2.1612276E-4	NaN	NaN	2.1612276E-4
shores	1	1	2.1612276E-4	NaN	NaN	2.1612276E-4
show	1	1	2.1612276E-4	NaN	NaN	2.1612276E-4
shows	1	1	2.1612276E-4	NaN	NaN	2.1612276E-4
shrills	1	1	2.1612276E-4	NaN	NaN	2.1612276E-4
shrivelled	1	1	2.1612276E-4	NaN	NaN	2.1612276E-4
shutters	1	1	2.1612276E-4	NaN	NaN	2.1612276E-4
shuttle	1	1	2.1612276E-4	NaN	NaN	2.1612276E-4
side	1	1	2.1612276E-4	NaN	NaN	2.1612276E-4
sidle	1	1	2.1612276E-4	NaN	NaN	2.1612276E-4
siege	1	1	2.1612276E-4	NaN	NaN	2.1612276E-4
sifting	1	1	2.1612276E-4	NaN	NaN	2.1612276E-4
sigh	1	1	2.1612276E-4	NaN	NaN	2.1612276E-4
signals	1	1	2.1612276E-4	NaN	NaN	2.1612276E-4
significance	1	1	2.1612276E-4	NaN	NaN	2.1612276E-4
silent	1	1	2.1612276E-4	NaN	NaN	2.1612276E-4
silk	1	1	2.1612276E-4	NaN	NaN	2.1612276E-4
silver	1	1	2.1612276E-4	NaN	NaN	2.1612276E-4
similitude	1	1	2.1612276E-4	NaN	NaN	2.1612276E-4
simpering	1	1	2.1612276E-4	NaN	NaN	2.1612276E-4
simple	1	1	2.1612276E-4	NaN	NaN	2.1612276E-4
singing	1	1	2.1612276E-4	NaN	NaN	2.1612276E-4
sisters	1	1	2.1612276E-4	NaN	NaN	2.1612276E-4
sitting	1	1	2.1612276E-4	NaN	NaN	2.1612276E-4
skeleton	1	1	2.1612276E-4	NaN	NaN	2.1612276E-4
sketch	1	1	2.1612276E-4	NaN	NaN	2.1612276E-4
slap	1	1	2.1612276E-4	NaN	NaN	2.1612276E-4
slayer	1	1	2.1612276E-4	NaN	NaN	2.1612276E-4
slip	1	1	2.1612276E-4	NaN	NaN	2.1612276E-4
slipping	1	1	2.1612276E-4	NaN	NaN	2.1612276E-4
slit	1	1	2.1612276E-4	NaN	NaN	2.1612276E-4
slivers	1	1	2.1612276E-4	NaN	NaN	2.1612276E-4
slow	1	1	2.1612276E-4	NaN	NaN	2.1612276E-4
smear	1	1	2.1612276E-4	NaN	NaN	2.1612276E-4
smelling	1	1	2.1612276E-4	NaN	NaN	2.1612276E-4
smooth	1	1	2.1612276E-4	NaN	NaN	2.1612276E-4
snap	1	1	2.1612276E-4	NaN	NaN	2.1612276E-4
snowdrops	1	1	2.1612276E-4	NaN	NaN	2.1612276E-4
snows	1	1	2.1612276E-4	NaN	NaN	2.1612276E-4
snuffles	1	1	2.1612276E-4	NaN	NaN	2.1612276E-4
snug	1	1	2.1612276E-4	NaN	NaN	2.1612276E-4
social	1	1	2.1612276E-4	NaN	NaN	2.1612276E-4
soft	1	1	2.1612276E-4	NaN	NaN	2.1612276E-4
solace	1	1	2.1612276E-4	NaN	NaN	2.1612276E-4
sold	1	1	2.1612276E-4	NaN	NaN	2.1612276E-4
soldier's	1	1	2.1612276E-4	NaN	NaN	2.1612276E-4
solicitous	1	1	2.1612276E-4	NaN	NaN	2.1612276E-4
solitaire	1	1	2.1612276E-4	NaN	NaN	2.1612276E-4
somnambulists	1	1	2.1612276E-4	NaN	NaN	2.1612276E-4
song	1	1	2.1612276E-4	NaN	NaN	2.1612276E-4
songs	1	1	2.1612276E-4	NaN	NaN	2.1612276E-4
sons	1	1	2.1612276E-4	NaN	NaN	2.1612276E-4
soothing	1	1	2.1612276E-4	NaN	NaN	2.1612276E-4
sores	1	1	2.1612276E-4	NaN	NaN	2.1612276E-4
soul's	1	1	2.1612276E-4	NaN	NaN	2.1612276E-4
sown	1	1	2.1612276E-4	NaN	NaN	2.1612276E-4
space	1	1	2.1612276E-4	NaN	NaN	2.1612276E-4
sparkling	1	1	2.1612276E-4	NaN	NaN	2.1612276E-4
spatial	1	1	2.1612276E-4	NaN	NaN	2.1612276E-4
spawn	1	1	2.1612276E-4	NaN	NaN	2.1612276E-4
spawns	1	1	2.1612276E-4	NaN	NaN	2.1612276E-4
speck	1	1	2.1612276E-4	NaN	NaN	2.1612276E-4
spectators	1	1	2.1612276E-4	NaN	NaN	2.1612276E-4
spectral	1	1	2.1612276E-4	NaN	NaN	2.1612276E-4
spent	1	1	2.1612276E-4	NaN	NaN	2.1612276E-4
spill't	1	1	2.1612276E-4	NaN	NaN	2.1612276E-4
spindle	1	1	2.1612276E-4	NaN	NaN	2.1612276E-4
spirits	1	1	2.1612276E-4	NaN	NaN	2.1612276E-4
spiritually	1	1	2.1612276E-4	NaN	NaN	2.1612276E-4
splinters	1	1	2.1612276E-4	NaN	NaN	2.1612276E-4
splosh	1	1	2.1612276E-4	NaN	NaN	2.1612276E-4
spot	1	1	2.1612276E-4	NaN	NaN	2.1612276E-4
spreads	1	1	2.1612276E-4	NaN	NaN	2.1612276E-4
sprite	1	1	2.1612276E-4	NaN	NaN	2.1612276E-4
spun	1	1	2.1612276E-4	NaN	NaN	2.1612276E-4
squat	1	1	2.1612276E-4	NaN	NaN	2.1612276E-4
stained	1	1	2.1612276E-4	NaN	NaN	2.1612276E-4
stalactites	1	1	2.1612276E-4	NaN	NaN	2.1612276E-4
stallion	1	1	2.1612276E-4	NaN	NaN	2.1612276E-4
stamp	1	1	2.1612276E-4	NaN	NaN	2.1612276E-4
stand	1	1	2.1612276E-4	NaN	NaN	2.1612276E-4
standing	1	1	2.1612276E-4	NaN	NaN	2.1612276E-4
stands	1	1	2.1612276E-4	NaN	NaN	2.1612276E-4
stare	1	1	2.1612276E-4	NaN	NaN	2.1612276E-4
staring	1	1	2.1612276E-4	NaN	NaN	2.1612276E-4
startled	1	1	2.1612276E-4	NaN	NaN	2.1612276E-4
starway	1	1	2.1612276E-4	NaN	NaN	2.1612276E-4
statesmanship	1	1	2.1612276E-4	NaN	NaN	2.1612276E-4
steep	1	1	2.1612276E-4	NaN	NaN	2.1612276E-4
stellectric	1	1	2.1612276E-4	NaN	NaN	2.1612276E-4
stick	1	1	2.1612276E-4	NaN	NaN	2.1612276E-4
stings	1	1	2.1612276E-4	NaN	NaN	2.1612276E-4
stirred	1	1	2.1612276E-4	NaN	NaN	2.1612276E-4
stone	1	1	2.1612276E-4	NaN	NaN	2.1612276E-4
storage	1	1	2.1612276E-4	NaN	NaN	2.1612276E-4
strains	1	1	2.1612276E-4	NaN	NaN	2.1612276E-4
strength	1	1	2.1612276E-4	NaN	NaN	2.1612276E-4
stretched	1	1	2.1612276E-4	NaN	NaN	2.1612276E-4
stretching	1	1	2.1612276E-4	NaN	NaN	2.1612276E-4
strewn	1	1	2.1612276E-4	NaN	NaN	2.1612276E-4
string	1	1	2.1612276E-4	NaN	NaN	2.1612276E-4
stringing	1	1	2.1612276E-4	NaN	NaN	2.1612276E-4
striped	1	1	2.1612276E-4	NaN	NaN	2.1612276E-4
stronger	1	1	2.1612276E-4	NaN	NaN	2.1612276E-4
struggle	1	1	2.1612276E-4	NaN	NaN	2.1612276E-4
stubborn	1	1	2.1612276E-4	NaN	NaN	2.1612276E-4
stuck	1	1	2.1612276E-4	NaN	NaN	2.1612276E-4
stuff	1	1	2.1612276E-4	NaN	NaN	2.1612276E-4
stuffs	1	1	2.1612276E-4	NaN	NaN	2.1612276E-4
sublime	1	1	2.1612276E-4	NaN	NaN	2.1612276E-4
sublimely	1	1	2.1612276E-4	NaN	NaN	2.1612276E-4
subside	1	1	2.1612276E-4	NaN	NaN	2.1612276E-4
succeeds	1	1	2.1612276E-4	NaN	NaN	2.1612276E-4
suffering	1	1	2.1612276E-4	NaN	NaN	2.1612276E-4
sugar	1	1	2.1612276E-4	NaN	NaN	2.1612276E-4
summit	1	1	2.1612276E-4	NaN	NaN	2.1612276E-4
sunbonnet	1	1	2.1612276E-4	NaN	NaN	2.1612276E-4
sunday	1	1	2.1612276E-4	NaN	NaN	2.1612276E-4
sundays	1	1	2.1612276E-4	NaN	NaN	2.1612276E-4
suns	1	1	2.1612276E-4	NaN	NaN	2.1612276E-4
superimposed	1	1	2.1612276E-4	NaN	NaN	2.1612276E-4
supervision	1	1	2.1612276E-4	NaN	NaN	2.1612276E-4
support	1	1	2.1612276E-4	NaN	NaN	2.1612276E-4
suppose	1	1	2.1612276E-4	NaN	NaN	2.1612276E-4
supposed	1	1	2.1612276E-4	NaN	NaN	2.1612276E-4
surface	1	1	2.1612276E-4	NaN	NaN	2.1612276E-4
surpassing	1	1	2.1612276E-4	NaN	NaN	2.1612276E-4
surprised	1	1	2.1612276E-4	NaN	NaN	2.1612276E-4
surreptitiously	1	1	2.1612276E-4	NaN	NaN	2.1612276E-4
survivors	1	1	2.1612276E-4	NaN	NaN	2.1612276E-4
suspect	1	1	2.1612276E-4	NaN	NaN	2.1612276E-4
sway	1	1	2.1612276E-4	NaN	NaN	2.1612276E-4
sweeping	1	1	2.1612276E-4	NaN	NaN	2.1612276E-4
sweetened	1	1	2.1612276E-4	NaN	NaN	2.1612276E-4
sweetmeat	1	1	2.1612276E-4	NaN	NaN	2.1612276E-4
swimming	1	1	2.1612276E-4	NaN	NaN	2.1612276E-4
symbol	1	1	2.1612276E-4	NaN	NaN	2.1612276E-4
symmetry	1	1	2.1612276E-4	NaN	NaN	2.1612276E-4
sympathetic	1	1	2.1612276E-4	NaN	NaN	2.1612276E-4
synthetic	1	1	2.1612276E-4	NaN	NaN	2.1612276E-4
table	1	1	2.1612276E-4	NaN	NaN	2.1612276E-4
tables	1	1	2.1612276E-4	NaN	NaN	2.1612276E-4
tactful	1	1	2.1612276E-4	NaN	NaN	2.1612276E-4
tail	1	1	2.1612276E-4	NaN	NaN	2.1612276E-4
tales	1	1	2.1612276E-4	NaN	NaN	2.1612276E-4
taper	1	1	2.1612276E-4	NaN	NaN	2.1612276E-4
tapers	1	1	2.1612276E-4	NaN	NaN	2.1612276E-4
tatters	1	1	2.1612276E-4	NaN	NaN	2.1612276E-4
teach	1	1	2.1612276E-4	NaN	NaN	2.1612276E-4
tears	1	1	2.1612276E-4	NaN	NaN	2.1612276E-4
teas	1	1	2.1612276E-4	NaN	NaN	2.1612276E-4
telling	1	1	2.1612276E-4	NaN	NaN	2.1612276E-4
temples	1	1	2.1612276E-4	NaN	NaN	2.1612276E-4
tendon	1	1	2.1612276E-4	NaN	NaN	2.1612276E-4
terrorism	1	1	2.1612276E-4	NaN	NaN	2.1612276E-4
thank	1	1	2.1612276E-4	NaN	NaN	2.1612276E-4
theatre	1	1	2.1612276E-4	NaN	NaN	2.1612276E-4
theoretic	1	1	2.1612276E-4	NaN	NaN	2.1612276E-4
thick	1	1	2.1612276E-4	NaN	NaN	2.1612276E-4
thigh	1	1	2.1612276E-4	NaN	NaN	2.1612276E-4
thorn	1	1	2.1612276E-4	NaN	NaN	2.1612276E-4
thoughts	1	1	2.1612276E-4	NaN	NaN	2.1612276E-4
threading	1	1	2.1612276E-4	NaN	NaN	2.1612276E-4
throats	1	1	2.1612276E-4	NaN	NaN	2.1612276E-4
throbbing	1	1	2.1612276E-4	NaN	NaN	2.1612276E-4
throw	1	1	2.1612276E-4	NaN	NaN	2.1612276E-4
thrown	1	1	2.1612276E-4	NaN	NaN	2.1612276E-4
tid'ly	1	1	2.1612276E-4	NaN	NaN	2.1612276E-4
tied	1	1	2.1612276E-4	NaN	NaN	2.1612276E-4
tiffs	1	1	2.1612276E-4	NaN	NaN	2.1612276E-4
tinted	1	1	2.1612276E-4	NaN	NaN	2.1612276E-4
tiptoeing	1	1	2.1612276E-4	NaN	NaN	2.1612276E-4
tis	1	1	2.1612276E-4	NaN	NaN	2.1612276E-4
tombstones	1	1	2.1612276E-4	NaN	NaN	2.1612276E-4
tongue	1	1	2.1612276E-4	NaN	NaN	2.1612276E-4
tongues	1	1	2.1612276E-4	NaN	NaN	2.1612276E-4
topped	1	1	2.1612276E-4	NaN	NaN	2.1612276E-4
torrential	1	1	2.1612276E-4	NaN	NaN	2.1612276E-4
tough	1	1	2.1612276E-4	NaN	NaN	2.1612276E-4
tower	1	1	2.1612276E-4	NaN	NaN	2.1612276E-4
toy	1	1	2.1612276E-4	NaN	NaN	2.1612276E-4
track	1	1	2.1612276E-4	NaN	NaN	2.1612276E-4
tradition	1	1	2.1612276E-4	NaN	NaN	2.1612276E-4
traffic	1	1	2.1612276E-4	NaN	NaN	2.1612276E-4
trail	1	1	2.1612276E-4	NaN	NaN	2.1612276E-4
tramp	1	1	2.1612276E-4	NaN	NaN	2.1612276E-4
trams	1	1	2.1612276E-4	NaN	NaN	2.1612276E-4
transpose	1	1	2.1612276E-4	NaN	NaN	2.1612276E-4
traverse	1	1	2.1612276E-4	NaN	NaN	2.1612276E-4
traversing	1	1	2.1612276E-4	NaN	NaN	2.1612276E-4
travestied	1	1	2.1612276E-4	NaN	NaN	2.1612276E-4
trees	1	1	2.1612276E-4	NaN	NaN	2.1612276E-4
trickle	1	1	2.1612276E-4	NaN	NaN	2.1612276E-4
tricks	1	1	2.1612276E-4	NaN	NaN	2.1612276E-4
trimmed	1	1	2.1612276E-4	NaN	NaN	2.1612276E-4
trimming	1	1	2.1612276E-4	NaN	NaN	2.1612276E-4
trinity	1	1	2.1612276E-4	NaN	NaN	2.1612276E-4
turn	1	1	2.1612276E-4	NaN	NaN	2.1612276E-4
ultimate	1	1	2.1612276E-4	NaN	NaN	2.1612276E-4
ultimately	1	1	2.1612276E-4	NaN	NaN	2.1612276E-4
ulysses	1	1	2.1612276E-4	NaN	NaN	2.1612276E-4
umbilical	1	1	2.1612276E-4	NaN	NaN	2.1612276E-4
umbrella	1	1	2.1612276E-4	NaN	NaN	2.1612276E-4
unaffected	1	1	2.1612276E-4	NaN	NaN	2.1612276E-4
unassailable	1	1	2.1612276E-4	NaN	NaN	2.1612276E-4
unavoidable	1	1	2.1612276E-4	NaN	NaN	2.1612276E-4
uncensored	1	1	2.1612276E-4	NaN	NaN	2.1612276E-4
unconditionally	1	1	2.1612276E-4	NaN	NaN	2.1612276E-4
undulating	1	1	2.1612276E-4	NaN	NaN	2.1612276E-4
uneventful	1	1	2.1612276E-4	NaN	NaN	2.1612276E-4
unfamiliar	1	1	2.1612276E-4	NaN	NaN	2.1612276E-4
unfolding	1	1	2.1612276E-4	NaN	NaN	2.1612276E-4
unicorn	1	1	2.1612276E-4	NaN	NaN	2.1612276E-4
unifying	1	1	2.1612276E-4	NaN	NaN	2.1612276E-4
unimaginable	1	1	2.1612276E-4	NaN	NaN	2.1612276E-4
uninterpretable	1	1	2.1612276E-4	NaN	NaN	2.1612276E-4
unit	1	1	2.1612276E-4	NaN	NaN	2.1612276E-4
unite	1	1	2.1612276E-4	NaN	NaN	2.1612276E-4
uniting	1	1	2.1612276E-4	NaN	NaN	2.1612276E-4
universal	1	1	2.1612276E-4	NaN	NaN	2.1612276E-4
unknowing	1	1	2.1612276E-4	NaN	NaN	2.1612276E-4
unknown	1	1	2.1612276E-4	NaN	NaN	2.1612276E-4
unless	1	1	2.1612276E-4	NaN	NaN	2.1612276E-4
unplumed	1	1	2.1612276E-4	NaN	NaN	2.1612276E-4
unpredicted	1	1	2.1612276E-4	NaN	NaN	2.1612276E-4
unreliable	1	1	2.1612276E-4	NaN	NaN	2.1612276E-4
unseen	1	1	2.1612276E-4	NaN	NaN	2.1612276E-4
unwinged	1	1	2.1612276E-4	NaN	NaN	2.1612276E-4
upholstery	1	1	2.1612276E-4	NaN	NaN	2.1612276E-4
upkeep	1	1	2.1612276E-4	NaN	NaN	2.1612276E-4
upslanting	1	1	2.1612276E-4	NaN	NaN	2.1612276E-4
useless	1	1	2.1612276E-4	NaN	NaN	2.1612276E-4
usurers	1	1	2.1612276E-4	NaN	NaN	2.1612276E-4
vacuum	1	1	2.1612276E-4	NaN	NaN	2.1612276E-4
vagrance	1	1	2.1612276E-4	NaN	NaN	2.1612276E-4
vallombrosa	1	1	2.1612276E-4	NaN	NaN	2.1612276E-4
variance	1	1	2.1612276E-4	NaN	NaN	2.1612276E-4
variously	1	1	2.1612276E-4	NaN	NaN	2.1612276E-4
vast	1	1	2.1612276E-4	NaN	NaN	2.1612276E-4
vaulted	1	1	2.1612276E-4	NaN	NaN	2.1612276E-4
vegetation	1	1	2.1612276E-4	NaN	NaN	2.1612276E-4
vertebrae	1	1	2.1612276E-4	NaN	NaN	2.1612276E-4
vi	1	1	2.1612276E-4	NaN	NaN	2.1612276E-4
vibrant	1	1	2.1612276E-4	NaN	NaN	2.1612276E-4
vibrations	1	1	2.1612276E-4	NaN	NaN	2.1612276E-4
vienna	1	1	2.1612276E-4	NaN	NaN	2.1612276E-4
vii	1	1	2.1612276E-4	NaN	NaN	2.1612276E-4
viii	1	1	2.1612276E-4	NaN	NaN	2.1612276E-4
village	1	1	2.1612276E-4	NaN	NaN	2.1612276E-4
viscuous	1	1	2.1612276E-4	NaN	NaN	2.1612276E-4
visionless	1	1	2.1612276E-4	NaN	NaN	2.1612276E-4
vital	1	1	2.1612276E-4	NaN	NaN	2.1612276E-4
vitalized	1	1	2.1612276E-4	NaN	NaN	2.1612276E-4
void	1	1	2.1612276E-4	NaN	NaN	2.1612276E-4
vrose	1	1	2.1612276E-4	NaN	NaN	2.1612276E-4
wait	1	1	2.1612276E-4	NaN	NaN	2.1612276E-4
waiters	1	1	2.1612276E-4	NaN	NaN	2.1612276E-4
walker	1	1	2.1612276E-4	NaN	NaN	2.1612276E-4
walking	1	1	2.1612276E-4	NaN	NaN	2.1612276E-4
walls	1	1	2.1612276E-4	NaN	NaN	2.1612276E-4
wanes	1	1	2.1612276E-4	NaN	NaN	2.1612276E-4
wanton	1	1	2.1612276E-4	NaN	NaN	2.1612276E-4
warming	1	1	2.1612276E-4	NaN	NaN	2.1612276E-4
warmth	1	1	2.1612276E-4	NaN	NaN	2.1612276E-4
wash	1	1	2.1612276E-4	NaN	NaN	2.1612276E-4
washed	1	1	2.1612276E-4	NaN	NaN	2.1612276E-4
wasted	1	1	2.1612276E-4	NaN	NaN	2.1612276E-4
wastes	1	1	2.1612276E-4	NaN	NaN	2.1612276E-4
watchers	1	1	2.1612276E-4	NaN	NaN	2.1612276E-4
water	1	1	2.1612276E-4	NaN	NaN	2.1612276E-4
waves	1	1	2.1612276E-4	NaN	NaN	2.1612276E-4
waxes	1	1	2.1612276E-4	NaN	NaN	2.1612276E-4
ways	1	1	2.1612276E-4	NaN	NaN	2.1612276E-4
wear	1	1	2.1612276E-4	NaN	NaN	2.1612276E-4
wearing	1	1	2.1612276E-4	NaN	NaN	2.1612276E-4
wears	1	1	2.1612276E-4	NaN	NaN	2.1612276E-4
weed	1	1	2.1612276E-4	NaN	NaN	2.1612276E-4
wheel	1	1	2.1612276E-4	NaN	NaN	2.1612276E-4
whereof	1	1	2.1612276E-4	NaN	NaN	2.1612276E-4
whimsy	1	1	2.1612276E-4	NaN	NaN	2.1612276E-4
whirl	1	1	2.1612276E-4	NaN	NaN	2.1612276E-4
whirligig	1	1	2.1612276E-4	NaN	NaN	2.1612276E-4
whirling	1	1	2.1612276E-4	NaN	NaN	2.1612276E-4
whirls	1	1	2.1612276E-4	NaN	NaN	2.1612276E-4
whispering	1	1	2.1612276E-4	NaN	NaN	2.1612276E-4
willing	1	1	2.1612276E-4	NaN	NaN	2.1612276E-4
wills	1	1	2.1612276E-4	NaN	NaN	2.1612276E-4
wine	1	1	2.1612276E-4	NaN	NaN	2.1612276E-4
winged	1	1	2.1612276E-4	NaN	NaN	2.1612276E-4
winking	1	1	2.1612276E-4	NaN	NaN	2.1612276E-4
winks	1	1	2.1612276E-4	NaN	NaN	2.1612276E-4
wiping	1	1	2.1612276E-4	NaN	NaN	2.1612276E-4
wisdom's	1	1	2.1612276E-4	NaN	NaN	2.1612276E-4
womb	1	1	2.1612276E-4	NaN	NaN	2.1612276E-4
women	1	1	2.1612276E-4	NaN	NaN	2.1612276E-4
wonders	1	1	2.1612276E-4	NaN	NaN	2.1612276E-4
wool	1	1	2.1612276E-4	NaN	NaN	2.1612276E-4
woolen	1	1	2.1612276E-4	NaN	NaN	2.1612276E-4
word	1	1	2.1612276E-4	NaN	NaN	2.1612276E-4
words	1	1	2.1612276E-4	NaN	NaN	2.1612276E-4
wore	1	1	2.1612276E-4	NaN	NaN	2.1612276E-4
worn	1	1	2.1612276E-4	NaN	NaN	2.1612276E-4
wounds	1	1	2.1612276E-4	NaN	NaN	2.1612276E-4
wrap	1	1	2.1612276E-4	NaN	NaN	2.1612276E-4
wreath	1	1	2.1612276E-4	NaN	NaN	2.1612276E-4
wyndham	1	1	2.1612276E-4	NaN	NaN	2.1612276E-4
xi	1	1	2.1612276E-4	NaN	NaN	2.1612276E-4
xii	1	1	2.1612276E-4	NaN	NaN	2.1612276E-4
xiii	1	1	2.1612276E-4	NaN	NaN	2.1612276E-4
youth's	1	1	2.1612276E-4	NaN	NaN	2.1612276E-4
zero	1	1	2.1612276E-4	NaN	NaN	2.1612276E-4
zodiac	1	1	2.1612276E-4	NaN	NaN	2.1612276E-4
zoo	1	1	2.1612276E-4	NaN	NaN	2.1612276E-4
